a	b	type
M_cpd00938_c0	R_rxn02483_LSQBKT_c0_RSQBKT_	reactantsIn
M_cpd02255_c0	R_rxn02483_LSQBKT_c0_RSQBKT_	productsOf
M_cpd02152_c0	R_rxn00802_LSQBKT_c0_RSQBKT_	reactantsIn
M_cpd00106_c0	R_rxn00802_LSQBKT_c0_RSQBKT_	productsOf
M_cpd00051_c0	R_rxn00802_LSQBKT_c0_RSQBKT_	productsOf
M_cpd03671_c0	R_rxn03638_LSQBKT_c0_RSQBKT_	reactantsIn
M_cpd02611_c0	R_rxn03638_LSQBKT_c0_RSQBKT_	productsOf
M_cpd00790_c0	R_rxn06078_LSQBKT_c0_RSQBKT_	reactantsIn
M_cpd00268_c0	R_rxn06078_LSQBKT_c0_RSQBKT_	reactantsIn
M_cpd11421_c0	R_rxn06078_LSQBKT_c0_RSQBKT_	reactantsIn
M_cpd11420_c0	R_rxn06078_LSQBKT_c0_RSQBKT_	productsOf
M_cpd00135_c0	R_rxn06078_LSQBKT_c0_RSQBKT_	productsOf
M_cpd00081_c0	R_rxn06078_LSQBKT_c0_RSQBKT_	productsOf
M_cpd00029_c0	R_rxn06078_LSQBKT_c0_RSQBKT_	productsOf
M_cpd11590_c0	R_rxn12636_LSQBKT_c0_RSQBKT_	reactantsIn
M_cpd00060_c0	R_rxn12636_LSQBKT_c0_RSQBKT_	productsOf
M_cpd11582_c0	R_rxn12644_LSQBKT_c0_RSQBKT_	reactantsIn
M_cpd00161_c0	R_rxn12644_LSQBKT_c0_RSQBKT_	productsOf
M_cpd03760_c0	R_rxn03492_LSQBKT_c0_RSQBKT_	reactantsIn
M_cpd03761_c0	R_rxn03492_LSQBKT_c0_RSQBKT_	productsOf
M_cpd00254_c0	R_rxn05616_LSQBKT_c0_RSQBKT_	reactantsIn
M_cpd00254_e0	R_rxn05616_LSQBKT_c0_RSQBKT_	productsOf
M_cpd02857_c0	R_rxn02212_LSQBKT_c0_RSQBKT_	reactantsIn
M_cpd00699_c0	R_rxn02212_LSQBKT_c0_RSQBKT_	productsOf
M_cpd03518_c0	R_rxn03419_LSQBKT_c0_RSQBKT_	reactantsIn
M_cpd03519_c0	R_rxn03419_LSQBKT_c0_RSQBKT_	productsOf
M_cpd00135_c0	R_rxn03052_LSQBKT_c0_RSQBKT_	reactantsIn
M_cpd02738_c0	R_rxn03052_LSQBKT_c0_RSQBKT_	reactantsIn
M_cpd00060_c0	R_rxn03052_LSQBKT_c0_RSQBKT_	productsOf
M_cpd02555_c0	R_rxn03052_LSQBKT_c0_RSQBKT_	productsOf
M_cpd00130_c0	R_rxn00248_LSQBKT_c0_RSQBKT_	reactantsIn
M_cpd00032_c0	R_rxn00248_LSQBKT_c0_RSQBKT_	productsOf
M_cpd00227_c0	R_rxn01302_LSQBKT_c0_RSQBKT_	reactantsIn
M_cpd00346_c0	R_rxn01302_LSQBKT_c0_RSQBKT_	productsOf
M_cpd02656_c0	R_rxn00048_LSQBKT_c0_RSQBKT_	reactantsIn
M_cpd02882_c0	R_rxn00048_LSQBKT_c0_RSQBKT_	productsOf
M_cpd00220_c0	R_rxn00048_LSQBKT_c0_RSQBKT_	productsOf
M_cpd02140_c0	R_rxn05229_LSQBKT_c0_RSQBKT_	reactantsIn
M_cpd00242_c0	R_rxn05229_LSQBKT_c0_RSQBKT_	reactantsIn
M_cpd02893_c0	R_rxn05229_LSQBKT_c0_RSQBKT_	productsOf
M_cpd11589_c0	R_rxn12637_LSQBKT_c0_RSQBKT_	reactantsIn
M_cpd00039_c0	R_rxn00321_LSQBKT_c0_RSQBKT_	reactantsIn
M_cpd00840_c0	R_rxn00321_LSQBKT_c0_RSQBKT_	productsOf
M_cpd08371_c0	R_rxn07586_LSQBKT_c0_RSQBKT_	reactantsIn
M_cpd14960_c0	R_rxn07586_LSQBKT_c0_RSQBKT_	productsOf
M_cpd00071_c0	R_rxn07586_LSQBKT_c0_RSQBKT_	productsOf
M_cpd00123_c0	R_rxn00902_LSQBKT_c0_RSQBKT_	reactantsIn
M_cpd01646_c0	R_rxn00902_LSQBKT_c0_RSQBKT_	productsOf
M_cpd00790_c0	R_rxn00952_LSQBKT_c0_RSQBKT_	reactantsIn
M_cpd00239_c0	R_rxn00952_LSQBKT_c0_RSQBKT_	reactantsIn
M_cpd00135_c0	R_rxn00952_LSQBKT_c0_RSQBKT_	productsOf
M_cpd00029_c0	R_rxn00952_LSQBKT_c0_RSQBKT_	productsOf
M_cpd15687_c0	R_rxn10230_LSQBKT_c0_RSQBKT_	reactantsIn
M_cpd15693_c0	R_rxn10230_LSQBKT_c0_RSQBKT_	productsOf
M_cpd00557_c0	R_rxn02056_LSQBKT_c0_RSQBKT_	reactantsIn
M_cpd03426_c0	R_rxn02056_LSQBKT_c0_RSQBKT_	productsOf
M_cpd10515_c0	R_rxn02056_LSQBKT_c0_RSQBKT_	productsOf
M_cpd00482_c0	R_rxn00459_LSQBKT_c0_RSQBKT_	reactantsIn
M_cpd00061_c0	R_rxn00459_LSQBKT_c0_RSQBKT_	productsOf
M_cpd15682_c0	R_rxn10225_LSQBKT_c0_RSQBKT_	reactantsIn
M_cpd15688_c0	R_rxn10225_LSQBKT_c0_RSQBKT_	productsOf
M_cpd15526_c0	R_rxn08311_LSQBKT_c0_RSQBKT_	reactantsIn
M_cpd15421_c0	R_rxn08311_LSQBKT_c0_RSQBKT_	productsOf
M_cpd00169_c0	R_rxn01101_LSQBKT_c0_RSQBKT_	reactantsIn
M_cpd02069_c0	R_rxn01101_LSQBKT_c0_RSQBKT_	productsOf
M_cpd03518_c0	R_rxn00302_LSQBKT_c0_RSQBKT_	productsOf
M_cpd00009_e0	R_rxn05145_LSQBKT_c0_RSQBKT_	reactantsIn
M_cpd03470_c0	R_rxn02988_LSQBKT_c0_RSQBKT_	reactantsIn
M_cpd00095_c0	R_rxn02988_LSQBKT_c0_RSQBKT_	reactantsIn
M_cpd02333_c0	R_rxn02988_LSQBKT_c0_RSQBKT_	productsOf
M_cpd00081_c0	R_rxn07307_LSQBKT_c0_RSQBKT_	reactantsIn
M_cpd00061_c0	R_rxn07307_LSQBKT_c0_RSQBKT_	reactantsIn
M_cpd08366_c0	R_rxn07307_LSQBKT_c0_RSQBKT_	productsOf
M_cpd02826_c0	R_rxn02937_LSQBKT_c0_RSQBKT_	reactantsIn
M_cpd02140_c0	R_rxn02937_LSQBKT_c0_RSQBKT_	productsOf
M_cpd00079_c0	R_rxn00558_LSQBKT_c0_RSQBKT_	reactantsIn
M_cpd00072_c0	R_rxn00558_LSQBKT_c0_RSQBKT_	productsOf
M_cpd00118_c0	R_rxn01406_LSQBKT_c0_RSQBKT_	reactantsIn
M_cpd00837_c0	R_rxn01406_LSQBKT_c0_RSQBKT_	reactantsIn
M_cpd00147_c0	R_rxn01406_LSQBKT_c0_RSQBKT_	productsOf
M_cpd00264_c0	R_rxn01406_LSQBKT_c0_RSQBKT_	productsOf
M_cpd00238_c0	R_rxn01200_LSQBKT_c0_RSQBKT_	reactantsIn
M_cpd00198_c0	R_rxn01200_LSQBKT_c0_RSQBKT_	productsOf
M_cpd00101_c0	R_rxn01200_LSQBKT_c0_RSQBKT_	productsOf
M_cpd11421_c0	R_rxn05232_LSQBKT_c0_RSQBKT_	reactantsIn
M_cpd11420_c0	R_rxn05232_LSQBKT_c0_RSQBKT_	productsOf
M_cpd00115_c0	R_rxn05232_LSQBKT_c0_RSQBKT_	productsOf
M_cpd00246_c0	R_rxn00835_LSQBKT_c0_RSQBKT_	reactantsIn
M_cpd00114_c0	R_rxn00835_LSQBKT_c0_RSQBKT_	productsOf
M_cpd15603_c0	R_rxn12844_LSQBKT_c0_RSQBKT_	reactantsIn
M_cpd00084_c0	R_rxn12844_LSQBKT_c0_RSQBKT_	productsOf
M_cpd00978_c0	R_rxn01678_LSQBKT_c0_RSQBKT_	reactantsIn
M_cpd00358_c0	R_rxn01678_LSQBKT_c0_RSQBKT_	productsOf
M_cpd15419_c0	R_rxn09208_LSQBKT_c0_RSQBKT_	reactantsIn
M_cpd15555_c0	R_rxn09208_LSQBKT_c0_RSQBKT_	productsOf
M_cpd00357_c0	R_rxn10060_LSQBKT_c0_RSQBKT_	reactantsIn
M_cpd00297_c0	R_rxn10060_LSQBKT_c0_RSQBKT_	productsOf
M_cpd00655_c0	R_rxn00100_LSQBKT_c0_RSQBKT_	reactantsIn
M_cpd00146_c0	R_rxn01018_LSQBKT_c0_RSQBKT_	reactantsIn
M_cpd00343_c0	R_rxn01018_LSQBKT_c0_RSQBKT_	productsOf
M_cpd00107_c0	R_rxn00806_LSQBKT_c0_RSQBKT_	reactantsIn
M_cpd00200_c0	R_rxn00806_LSQBKT_c0_RSQBKT_	productsOf
M_cpd01775_c0	R_rxn02834_LSQBKT_c0_RSQBKT_	reactantsIn
M_cpd01777_c0	R_rxn02834_LSQBKT_c0_RSQBKT_	productsOf
M_cpd02666_c0	R_rxn02341_LSQBKT_c0_RSQBKT_	reactantsIn
M_cpd00834_c0	R_rxn02341_LSQBKT_c0_RSQBKT_	productsOf
M_cpd02979_c0	R_rxn03175_LSQBKT_c0_RSQBKT_	reactantsIn
M_cpd02991_c0	R_rxn03175_LSQBKT_c0_RSQBKT_	productsOf
M_cpd00290_c0	R_rxn00786_LSQBKT_c0_RSQBKT_	reactantsIn
M_cpd00095_c0	R_rxn00786_LSQBKT_c0_RSQBKT_	productsOf
M_cpd00342_c0	R_rxn01637_LSQBKT_c0_RSQBKT_	reactantsIn
M_cpd00918_c0	R_rxn01637_LSQBKT_c0_RSQBKT_	productsOf
M_cpd11586_c0	R_rxn12640_LSQBKT_c0_RSQBKT_	reactantsIn
M_cpd00067_e0	R_rxn05596_LSQBKT_c0_RSQBKT_	reactantsIn
M_cpd00205_c0	R_rxn05596_LSQBKT_c0_RSQBKT_	reactantsIn
M_cpd00205_e0	R_rxn05596_LSQBKT_c0_RSQBKT_	productsOf
M_cpd01078_c0	R_rxn02569_LSQBKT_c0_RSQBKT_	reactantsIn
M_cpd03078_c0	R_rxn02569_LSQBKT_c0_RSQBKT_	productsOf
M_cpd00810_c0	R_rxn00710_LSQBKT_c0_RSQBKT_	reactantsIn
M_cpd00091_c0	R_rxn00710_LSQBKT_c0_RSQBKT_	productsOf
M_cpd01620_c0	R_rxn02775_LSQBKT_c0_RSQBKT_	reactantsIn
M_cpd03420_c0	R_rxn02775_LSQBKT_c0_RSQBKT_	productsOf
M_cpd14961_c0	R_rxn07589_LSQBKT_c0_RSQBKT_	reactantsIn
M_cpd08375_c0	R_rxn07589_LSQBKT_c0_RSQBKT_	productsOf
M_cpd00307_c0	R_rxn00717_LSQBKT_c0_RSQBKT_	reactantsIn
M_cpd00092_c0	R_rxn00717_LSQBKT_c0_RSQBKT_	productsOf
M_cpd15747_c0	R_rxn10308_LSQBKT_c0_RSQBKT_	reactantsIn
M_cpd15765_c0	R_rxn10308_LSQBKT_c0_RSQBKT_	productsOf
M_cpd11436_c0	R_rxn05249_LSQBKT_c0_RSQBKT_	reactantsIn
M_cpd11437_c0	R_rxn05249_LSQBKT_c0_RSQBKT_	productsOf
M_cpd01997_c0	R_rxn02897_LSQBKT_c0_RSQBKT_	reactantsIn
M_cpd00873_c0	R_rxn02897_LSQBKT_c0_RSQBKT_	reactantsIn
M_cpd00218_c0	R_rxn02897_LSQBKT_c0_RSQBKT_	productsOf
M_cpd02904_c0	R_rxn02897_LSQBKT_c0_RSQBKT_	productsOf
M_cpd03495_c0	R_rxn03409_LSQBKT_c0_RSQBKT_	reactantsIn
M_cpd03496_c0	R_rxn03409_LSQBKT_c0_RSQBKT_	productsOf
M_cpd00227_c0	R_rxn01301_LSQBKT_c0_RSQBKT_	reactantsIn
M_cpd00346_c0	R_rxn01301_LSQBKT_c0_RSQBKT_	productsOf
M_cpd00169_c0	R_rxn07191_LSQBKT_c0_RSQBKT_	productsOf
M_cpd08368_c0	R_rxn04046_LSQBKT_c0_RSQBKT_	reactantsIn
M_cpd08369_c0	R_rxn04046_LSQBKT_c0_RSQBKT_	productsOf
M_cpd03491_c0	R_rxn03407_LSQBKT_c0_RSQBKT_	reactantsIn
M_cpd03492_c0	R_rxn03407_LSQBKT_c0_RSQBKT_	productsOf
M_cpd02210_c0	R_rxn01682_LSQBKT_c0_RSQBKT_	reactantsIn
M_cpd00359_c0	R_rxn01682_LSQBKT_c0_RSQBKT_	productsOf
M_cpd02720_c0	R_rxn02474_LSQBKT_c0_RSQBKT_	reactantsIn
M_cpd00931_c0	R_rxn02474_LSQBKT_c0_RSQBKT_	productsOf
M_cpd15750_c0	R_rxn10311_LSQBKT_c0_RSQBKT_	reactantsIn
M_cpd15768_c0	R_rxn10311_LSQBKT_c0_RSQBKT_	productsOf
M_cpd00350_c0	R_rxn01486_LSQBKT_c0_RSQBKT_	reactantsIn
M_cpd00289_c0	R_rxn01486_LSQBKT_c0_RSQBKT_	productsOf
M_cpd02498_c0	R_rxn00898_LSQBKT_c0_RSQBKT_	reactantsIn
M_cpd00123_c0	R_rxn00898_LSQBKT_c0_RSQBKT_	productsOf
M_cpd00809_c0	R_rxn01069_LSQBKT_c0_RSQBKT_	reactantsIn
M_cpd00161_c0	R_rxn01069_LSQBKT_c0_RSQBKT_	productsOf
M_cpd00668_c0	R_rxn02113_LSQBKT_c0_RSQBKT_	reactantsIn
M_cpd00361_c0	R_rxn02113_LSQBKT_c0_RSQBKT_	productsOf
M_cpd00062_c0	R_rxn00117_LSQBKT_c0_RSQBKT_	productsOf
M_cpd00072_c0	R_rxn00555_LSQBKT_c0_RSQBKT_	reactantsIn
M_cpd00288_c0	R_rxn00555_LSQBKT_c0_RSQBKT_	productsOf
M_cpd00032_c0	R_rxn00260_LSQBKT_c0_RSQBKT_	productsOf
M_cpd00939_c0	R_rxn02484_LSQBKT_c0_RSQBKT_	reactantsIn
M_cpd02775_c0	R_rxn02484_LSQBKT_c0_RSQBKT_	productsOf
M_cpd00069_c0	R_rxn00527_LSQBKT_c0_RSQBKT_	reactantsIn
M_cpd00868_c0	R_rxn00527_LSQBKT_c0_RSQBKT_	productsOf
M_cpd00209_e0	R_rxn05171_LSQBKT_c0_RSQBKT_	reactantsIn
M_cpd00209_c0	R_rxn05171_LSQBKT_c0_RSQBKT_	productsOf
M_cpd08375_c0	R_rxn04052_LSQBKT_c0_RSQBKT_	reactantsIn
M_cpd03421_c0	R_rxn04052_LSQBKT_c0_RSQBKT_	productsOf
M_cpd03426_c0	R_rxn04045_LSQBKT_c0_RSQBKT_	reactantsIn
M_cpd00149_c0	R_rxn04045_LSQBKT_c0_RSQBKT_	reactantsIn
M_cpd08368_c0	R_rxn04045_LSQBKT_c0_RSQBKT_	productsOf
M_cpd00504_c0	R_rxn01974_LSQBKT_c0_RSQBKT_	reactantsIn
M_cpd00516_c0	R_rxn01974_LSQBKT_c0_RSQBKT_	productsOf
M_cpd11581_c0	R_rxn12645_LSQBKT_c0_RSQBKT_	reactantsIn
M_cpd00132_c0	R_rxn12645_LSQBKT_c0_RSQBKT_	productsOf
M_cpd02978_c0	R_rxn00299_LSQBKT_c0_RSQBKT_	productsOf
M_cpd00177_c0	R_rxn00839_LSQBKT_c0_RSQBKT_	reactantsIn
M_cpd00115_c0	R_rxn00839_LSQBKT_c0_RSQBKT_	productsOf
M_cpd02737_c0	R_rxn03020_LSQBKT_c0_RSQBKT_	reactantsIn
M_cpd02246_c0	R_rxn03020_LSQBKT_c0_RSQBKT_	reactantsIn
M_cpd00971_c0	R_rxn03020_LSQBKT_c0_RSQBKT_	reactantsIn
M_cpd02438_c0	R_rxn03020_LSQBKT_c0_RSQBKT_	productsOf
M_cpd00895_c0	R_rxn03020_LSQBKT_c0_RSQBKT_	productsOf
M_cpd00971_e0	R_rxn03020_LSQBKT_c0_RSQBKT_	productsOf
M_cpd00117_c0	R_rxn00283_LSQBKT_c0_RSQBKT_	productsOf
M_cpd00147_c0	R_rxn01022_LSQBKT_c0_RSQBKT_	reactantsIn
M_cpd00128_c0	R_rxn01022_LSQBKT_c0_RSQBKT_	productsOf
M_cpd02574_c0	R_rxn01022_LSQBKT_c0_RSQBKT_	productsOf
M_cpd15678_c0	R_rxn10221_LSQBKT_c0_RSQBKT_	reactantsIn
M_cpd15684_c0	R_rxn10221_LSQBKT_c0_RSQBKT_	productsOf
M_cpd00084_c0	R_rxn09177_LSQBKT_c0_RSQBKT_	reactantsIn
M_cpd02201_c0	R_rxn09177_LSQBKT_c0_RSQBKT_	reactantsIn
M_cpd02666_c0	R_rxn09177_LSQBKT_c0_RSQBKT_	productsOf
M_cpd02535_c0	R_rxn03437_LSQBKT_c0_RSQBKT_	reactantsIn
M_cpd00508_c0	R_rxn03437_LSQBKT_c0_RSQBKT_	productsOf
M_cpd00807_c0	R_rxn02320_LSQBKT_c0_RSQBKT_	reactantsIn
M_cpd00930_c0	R_rxn02320_LSQBKT_c0_RSQBKT_	productsOf
M_cpd14960_c0	R_rxn07587_LSQBKT_c0_RSQBKT_	reactantsIn
M_cpd08372_c0	R_rxn07587_LSQBKT_c0_RSQBKT_	productsOf
M_cpd00956_c0	R_rxn02507_LSQBKT_c0_RSQBKT_	reactantsIn
M_cpd02210_c0	R_rxn02507_LSQBKT_c0_RSQBKT_	productsOf
M_cpd00141_c0	R_rxn00669_LSQBKT_c0_RSQBKT_	reactantsIn
M_cpd00086_c0	R_rxn00669_LSQBKT_c0_RSQBKT_	productsOf
M_cpd00238_c0	R_rxn01333_LSQBKT_c0_RSQBKT_	reactantsIn
M_cpd00072_c0	R_rxn01333_LSQBKT_c0_RSQBKT_	productsOf
M_cpd00236_c0	R_rxn01333_LSQBKT_c0_RSQBKT_	productsOf
M_cpd03706_c0	R_rxn00714_LSQBKT_c0_RSQBKT_	reactantsIn
M_cpd00091_c0	R_rxn00714_LSQBKT_c0_RSQBKT_	productsOf
M_cpd00062_c0	R_rxn00714_LSQBKT_c0_RSQBKT_	productsOf
M_cpd00274_c0	R_rxn01434_LSQBKT_c0_RSQBKT_	reactantsIn
M_cpd02152_c0	R_rxn01434_LSQBKT_c0_RSQBKT_	productsOf
M_cpd00171_c0	R_rxn01116_LSQBKT_c0_RSQBKT_	reactantsIn
M_cpd00198_c0	R_rxn01116_LSQBKT_c0_RSQBKT_	productsOf
M_cpd15523_c0	R_rxn08308_LSQBKT_c0_RSQBKT_	reactantsIn
M_cpd15422_c0	R_rxn08308_LSQBKT_c0_RSQBKT_	productsOf
M_cpd00096_c0	R_rxn00409_LSQBKT_c0_RSQBKT_	reactantsIn
M_cpd00699_c0	R_rxn02213_LSQBKT_c0_RSQBKT_	reactantsIn
M_cpd01716_c0	R_rxn02213_LSQBKT_c0_RSQBKT_	productsOf
M_cpd02693_c0	R_rxn03062_LSQBKT_c0_RSQBKT_	reactantsIn
M_cpd02605_c0	R_rxn03062_LSQBKT_c0_RSQBKT_	productsOf
M_cpd03607_c0	R_rxn03446_LSQBKT_c0_RSQBKT_	reactantsIn
M_cpd03608_c0	R_rxn03446_LSQBKT_c0_RSQBKT_	productsOf
M_cpd00358_c0	R_rxn01519_LSQBKT_c0_RSQBKT_	reactantsIn
M_cpd00299_c0	R_rxn01519_LSQBKT_c0_RSQBKT_	productsOf
M_cpd00338_c0	R_rxn00029_LSQBKT_c0_RSQBKT_	reactantsIn
M_cpd00689_c0	R_rxn00029_LSQBKT_c0_RSQBKT_	productsOf
M_cpd03760_c0	R_rxn03491_LSQBKT_c0_RSQBKT_	reactantsIn
M_cpd03835_c0	R_rxn03491_LSQBKT_c0_RSQBKT_	productsOf
M_cpd02210_c0	R_rxn01964_LSQBKT_c0_RSQBKT_	reactantsIn
M_cpd00065_c0	R_rxn01964_LSQBKT_c0_RSQBKT_	productsOf
M_cpd00644_c0	R_rxn12510_LSQBKT_c0_RSQBKT_	reactantsIn
M_cpd02201_c0	R_rxn12510_LSQBKT_c0_RSQBKT_	productsOf
M_cpd15422_c0	R_rxn09207_LSQBKT_c0_RSQBKT_	reactantsIn
M_cpd15554_c0	R_rxn09207_LSQBKT_c0_RSQBKT_	productsOf
M_cpd00863_c0	R_rxn02380_LSQBKT_c0_RSQBKT_	reactantsIn
M_cpd00072_c0	R_rxn02380_LSQBKT_c0_RSQBKT_	productsOf
M_cpd00359_c0	R_rxn00474_LSQBKT_c0_RSQBKT_	reactantsIn
M_cpd00065_c0	R_rxn00474_LSQBKT_c0_RSQBKT_	productsOf
M_cpd02535_c0	R_rxn03435_LSQBKT_c0_RSQBKT_	reactantsIn
M_cpd10162_c0	R_rxn03435_LSQBKT_c0_RSQBKT_	productsOf
M_cpd00533_c0	R_rxn01673_LSQBKT_c0_RSQBKT_	reactantsIn
M_cpd00356_c0	R_rxn01673_LSQBKT_c0_RSQBKT_	productsOf
M_cpd15604_c0	R_rxn12845_LSQBKT_c0_RSQBKT_	reactantsIn
M_cpd00107_c0	R_rxn12845_LSQBKT_c0_RSQBKT_	productsOf
M_cpd00114_c0	R_rxn00832_LSQBKT_c0_RSQBKT_	reactantsIn
M_cpd02884_c0	R_rxn00832_LSQBKT_c0_RSQBKT_	productsOf
M_cpd00175_c0	R_rxn00295_LSQBKT_c0_RSQBKT_	productsOf
M_cpd00668_c0	R_rxn02187_LSQBKT_c0_RSQBKT_	reactantsIn
M_cpd02569_c0	R_rxn02187_LSQBKT_c0_RSQBKT_	productsOf
M_cpd00206_c0	R_rxn01219_LSQBKT_c0_RSQBKT_	reactantsIn
M_cpd00533_c0	R_rxn01219_LSQBKT_c0_RSQBKT_	productsOf
M_cpd03834_c0	R_rxn03514_LSQBKT_c0_RSQBKT_	reactantsIn
M_cpd03839_c0	R_rxn03514_LSQBKT_c0_RSQBKT_	productsOf
M_cpd00032_c0	R_rxn01270_LSQBKT_c0_RSQBKT_	reactantsIn
M_cpd00616_c0	R_rxn01270_LSQBKT_c0_RSQBKT_	reactantsIn
M_cpd00219_c0	R_rxn01270_LSQBKT_c0_RSQBKT_	productsOf
M_cpd15524_c0	R_rxn08309_LSQBKT_c0_RSQBKT_	reactantsIn
M_cpd15419_c0	R_rxn08309_LSQBKT_c0_RSQBKT_	productsOf
M_cpd15527_c0	R_rxn08312_LSQBKT_c0_RSQBKT_	reactantsIn
M_cpd15420_c0	R_rxn08312_LSQBKT_c0_RSQBKT_	productsOf
M_cpd00171_c0	R_rxn05144_LSQBKT_c0_RSQBKT_	reactantsIn
M_cpd00016_c0	R_rxn05144_LSQBKT_c0_RSQBKT_	productsOf
M_cpd00062_c0	R_rxn00410_LSQBKT_c0_RSQBKT_	reactantsIn
M_cpd00971_e0	R_rxn05221_LSQBKT_c0_RSQBKT_	reactantsIn
M_cpd00129_e0	R_rxn05221_LSQBKT_c0_RSQBKT_	reactantsIn
M_cpd00971_c0	R_rxn05221_LSQBKT_c0_RSQBKT_	productsOf
M_cpd00129_c0	R_rxn05221_LSQBKT_c0_RSQBKT_	productsOf
M_cpd15421_c0	R_rxn09210_LSQBKT_c0_RSQBKT_	reactantsIn
M_cpd15557_c0	R_rxn09210_LSQBKT_c0_RSQBKT_	productsOf
M_cpd00203_c0	R_rxn00782_LSQBKT_c0_RSQBKT_	reactantsIn
M_cpd00332_c0	R_rxn01607_LSQBKT_c0_RSQBKT_	reactantsIn
M_cpd00812_c0	R_rxn01607_LSQBKT_c0_RSQBKT_	productsOf
M_cpd00219_c0	R_rxn01000_LSQBKT_c0_RSQBKT_	reactantsIn
M_cpd00143_c0	R_rxn01000_LSQBKT_c0_RSQBKT_	productsOf
M_cpd03560_c0	R_rxn00675_LSQBKT_c0_RSQBKT_	reactantsIn
M_cpd00086_c0	R_rxn00675_LSQBKT_c0_RSQBKT_	productsOf
M_cpd02894_c0	R_rxn02305_LSQBKT_c0_RSQBKT_	reactantsIn
M_cpd02654_c0	R_rxn02305_LSQBKT_c0_RSQBKT_	reactantsIn
M_cpd00793_c0	R_rxn02305_LSQBKT_c0_RSQBKT_	productsOf
M_cpd01727_c0	R_rxn02296_LSQBKT_c0_RSQBKT_	reactantsIn
M_cpd00782_c0	R_rxn02296_LSQBKT_c0_RSQBKT_	productsOf
M_cpd11585_c0	R_rxn12641_LSQBKT_c0_RSQBKT_	reactantsIn
M_cpd15754_c0	R_rxn10315_LSQBKT_c0_RSQBKT_	reactantsIn
M_cpd15772_c0	R_rxn10315_LSQBKT_c0_RSQBKT_	productsOf
M_cpd00092_c0	R_rxn00711_LSQBKT_c0_RSQBKT_	reactantsIn
M_cpd00091_c0	R_rxn00711_LSQBKT_c0_RSQBKT_	productsOf
M_cpd15748_c0	R_rxn10309_LSQBKT_c0_RSQBKT_	reactantsIn
M_cpd15766_c0	R_rxn10309_LSQBKT_c0_RSQBKT_	productsOf
M_cpd11593_c0	R_rxn12633_LSQBKT_c0_RSQBKT_	reactantsIn
M_cpd11440_c0	R_rxn05250_LSQBKT_c0_RSQBKT_	reactantsIn
M_cpd11441_c0	R_rxn05250_LSQBKT_c0_RSQBKT_	productsOf
M_cpd03666_c0	R_rxn03174_LSQBKT_c0_RSQBKT_	reactantsIn
M_cpd02978_c0	R_rxn03174_LSQBKT_c0_RSQBKT_	productsOf
M_cpd00100_c0	R_rxn00763_LSQBKT_c0_RSQBKT_	reactantsIn
M_cpd00448_c0	R_rxn00763_LSQBKT_c0_RSQBKT_	productsOf
M_cpd00638_c0	R_rxn00138_LSQBKT_c0_RSQBKT_	reactantsIn
M_cpd02921_c0	R_rxn03136_LSQBKT_c0_RSQBKT_	reactantsIn
M_cpd00106_c0	R_rxn03136_LSQBKT_c0_RSQBKT_	productsOf
M_cpd02851_c0	R_rxn03136_LSQBKT_c0_RSQBKT_	productsOf
M_cpd00129_e0	R_rxn05165_LSQBKT_c0_RSQBKT_	reactantsIn
M_cpd00129_c0	R_rxn05165_LSQBKT_c0_RSQBKT_	productsOf
M_cpd00142_c0	R_rxn00988_LSQBKT_c0_RSQBKT_	reactantsIn
M_cpd00279_c0	R_rxn00988_LSQBKT_c0_RSQBKT_	productsOf
M_cpd11421_c0	R_rxn05236_LSQBKT_c0_RSQBKT_	reactantsIn
M_cpd00062_c0	R_rxn05236_LSQBKT_c0_RSQBKT_	reactantsIn
M_cpd11420_c0	R_rxn05236_LSQBKT_c0_RSQBKT_	productsOf
M_cpd00358_c0	R_rxn05236_LSQBKT_c0_RSQBKT_	productsOf
M_cpd01777_c0	R_rxn02835_LSQBKT_c0_RSQBKT_	reactantsIn
M_cpd02979_c0	R_rxn02835_LSQBKT_c0_RSQBKT_	productsOf
M_cpd00216_c0	R_rxn00726_LSQBKT_c0_RSQBKT_	reactantsIn
M_cpd00093_c0	R_rxn00726_LSQBKT_c0_RSQBKT_	productsOf
M_cpd02893_c0	R_rxn03147_LSQBKT_c0_RSQBKT_	reactantsIn
M_cpd02921_c0	R_rxn03147_LSQBKT_c0_RSQBKT_	productsOf
M_cpd01017_c0	R_rxn00650_LSQBKT_c0_RSQBKT_	reactantsIn
M_cpd00084_c0	R_rxn00650_LSQBKT_c0_RSQBKT_	productsOf
M_cpd00449_c0	R_rxn01241_LSQBKT_c0_RSQBKT_	reactantsIn
M_cpd00213_c0	R_rxn01241_LSQBKT_c0_RSQBKT_	productsOf
M_cpd15686_c0	R_rxn10229_LSQBKT_c0_RSQBKT_	reactantsIn
M_cpd15692_c0	R_rxn10229_LSQBKT_c0_RSQBKT_	productsOf
M_cpd00101_c0	R_rxn00776_LSQBKT_c0_RSQBKT_	reactantsIn
M_cpd00092_c0	R_rxn00776_LSQBKT_c0_RSQBKT_	reactantsIn
M_cpd00859_c0	R_rxn00776_LSQBKT_c0_RSQBKT_	productsOf
M_cpd11580_c0	R_rxn12646_LSQBKT_c0_RSQBKT_	reactantsIn
M_cpd11421_c0	R_rxn09296_LSQBKT_c0_RSQBKT_	reactantsIn
M_cpd00025_c0	R_rxn09296_LSQBKT_c0_RSQBKT_	reactantsIn
M_cpd11420_c0	R_rxn09296_LSQBKT_c0_RSQBKT_	productsOf
M_cpd00932_c0	R_rxn01255_LSQBKT_c0_RSQBKT_	reactantsIn
M_cpd00216_c0	R_rxn01255_LSQBKT_c0_RSQBKT_	productsOf
M_cpd03049_c0	R_rxn03194_LSQBKT_c0_RSQBKT_	reactantsIn
M_cpd00094_c0	R_rxn03194_LSQBKT_c0_RSQBKT_	reactantsIn
M_cpd00498_c0	R_rxn03194_LSQBKT_c0_RSQBKT_	productsOf
M_cpd00056_c0	R_rxn03194_LSQBKT_c0_RSQBKT_	productsOf
M_cpd15679_c0	R_rxn10222_LSQBKT_c0_RSQBKT_	reactantsIn
M_cpd15685_c0	R_rxn10222_LSQBKT_c0_RSQBKT_	productsOf
M_cpd00735_c0	R_rxn11938_LSQBKT_c0_RSQBKT_	reactantsIn
M_cpd00643_c0	R_rxn11938_LSQBKT_c0_RSQBKT_	productsOf
M_cpd00774_c0	R_rxn02287_LSQBKT_c0_RSQBKT_	reactantsIn
M_cpd01620_c0	R_rxn02287_LSQBKT_c0_RSQBKT_	productsOf
M_cpd00957_c0	R_rxn02475_LSQBKT_c0_RSQBKT_	reactantsIn
M_cpd00931_c0	R_rxn02475_LSQBKT_c0_RSQBKT_	productsOf
M_cpd00061_c0	R_rxn00147_LSQBKT_c0_RSQBKT_	productsOf
M_cpd01620_c0	R_rxn02774_LSQBKT_c0_RSQBKT_	reactantsIn
M_cpd03426_c0	R_rxn02774_LSQBKT_c0_RSQBKT_	productsOf
M_cpd00210_e0	R_rxn05172_LSQBKT_c0_RSQBKT_	reactantsIn
M_cpd00210_c0	R_rxn05172_LSQBKT_c0_RSQBKT_	productsOf
M_cpd02574_c0	R_rxn03057_LSQBKT_c0_RSQBKT_	reactantsIn
M_cpd02791_c0	R_rxn03057_LSQBKT_c0_RSQBKT_	productsOf
M_cpd03671_c0	R_rxn01485_LSQBKT_c0_RSQBKT_	reactantsIn
M_cpd00288_c0	R_rxn01485_LSQBKT_c0_RSQBKT_	productsOf
M_cpd00666_c0	R_rxn00245_LSQBKT_c0_RSQBKT_	reactantsIn
M_cpd00032_c0	R_rxn00245_LSQBKT_c0_RSQBKT_	productsOf
M_cpd00338_c0	R_rxn01629_LSQBKT_c0_RSQBKT_	reactantsIn
M_cpd02345_c0	R_rxn01629_LSQBKT_c0_RSQBKT_	productsOf
M_cpd00528_c0	R_rxn06874_LSQBKT_c0_RSQBKT_	reactantsIn
M_cpd00649_c0	R_rxn06299_LSQBKT_c0_RSQBKT_	reactantsIn
M_cpd00792_c0	R_rxn06299_LSQBKT_c0_RSQBKT_	productsOf
M_cpd00009_e0	R_rxn05313_LSQBKT_c0_RSQBKT_	reactantsIn
M_cpd00971_e0	R_rxn05313_LSQBKT_c0_RSQBKT_	reactantsIn
M_cpd00971_c0	R_rxn05313_LSQBKT_c0_RSQBKT_	productsOf
M_cpd00216_c0	R_rxn00966_LSQBKT_c0_RSQBKT_	reactantsIn
M_cpd00136_c0	R_rxn00966_LSQBKT_c0_RSQBKT_	productsOf
M_cpd00072_c0	R_rxn00785_LSQBKT_c0_RSQBKT_	reactantsIn
M_cpd00198_c0	R_rxn00785_LSQBKT_c0_RSQBKT_	productsOf
M_cpd00236_c0	R_rxn00785_LSQBKT_c0_RSQBKT_	productsOf
M_cpd02678_c0	R_rxn03084_LSQBKT_c0_RSQBKT_	reactantsIn
M_cpd02826_c0	R_rxn03084_LSQBKT_c0_RSQBKT_	productsOf
M_cpd00056_c0	R_rxn00011_LSQBKT_c0_RSQBKT_	reactantsIn
M_cpd03049_c0	R_rxn00011_LSQBKT_c0_RSQBKT_	productsOf
M_cpd00492_c0	R_rxn00292_LSQBKT_c0_RSQBKT_	productsOf
M_cpd11431_c0	R_rxn05252_LSQBKT_c0_RSQBKT_	reactantsIn
M_cpd11432_c0	R_rxn05252_LSQBKT_c0_RSQBKT_	productsOf
M_cpd00053_e0	R_rxn05155_LSQBKT_c0_RSQBKT_	reactantsIn
M_cpd00298_c0	R_rxn01513_LSQBKT_c0_RSQBKT_	reactantsIn
M_cpd00297_c0	R_rxn01513_LSQBKT_c0_RSQBKT_	productsOf
M_cpd00061_c0	R_rxn02476_LSQBKT_c0_RSQBKT_	reactantsIn
M_cpd02030_c0	R_rxn02476_LSQBKT_c0_RSQBKT_	reactantsIn
M_cpd00932_c0	R_rxn02476_LSQBKT_c0_RSQBKT_	productsOf
M_cpd00322_c0	R_rxn01575_LSQBKT_c0_RSQBKT_	reactantsIn
M_cpd00508_c0	R_rxn01575_LSQBKT_c0_RSQBKT_	productsOf
M_cpd15423_c0	R_rxn09206_LSQBKT_c0_RSQBKT_	reactantsIn
M_cpd15553_c0	R_rxn09206_LSQBKT_c0_RSQBKT_	productsOf
M_cpd00540_e0	R_rxn05181_LSQBKT_c0_RSQBKT_	reactantsIn
M_cpd00540_c0	R_rxn05181_LSQBKT_c0_RSQBKT_	productsOf
M_cpd00251_c0	R_rxn00775_LSQBKT_c0_RSQBKT_	reactantsIn
M_cpd00101_c0	R_rxn00775_LSQBKT_c0_RSQBKT_	productsOf
M_cpd00096_c0	R_rxn00364_LSQBKT_c0_RSQBKT_	productsOf
M_cpd00090_c0	R_rxn00515_LSQBKT_c0_RSQBKT_	reactantsIn
M_cpd00068_c0	R_rxn00515_LSQBKT_c0_RSQBKT_	productsOf
M_cpd01587_c0	R_rxn01025_LSQBKT_c0_RSQBKT_	reactantsIn
M_cpd00151_c0	R_rxn01025_LSQBKT_c0_RSQBKT_	productsOf
M_cpd00668_c0	R_rxn02186_LSQBKT_c0_RSQBKT_	reactantsIn
M_cpd02498_c0	R_rxn02186_LSQBKT_c0_RSQBKT_	productsOf
M_cpd15684_c0	R_rxn10227_LSQBKT_c0_RSQBKT_	reactantsIn
M_cpd15690_c0	R_rxn10227_LSQBKT_c0_RSQBKT_	productsOf
M_cpd15605_c0	R_rxn12846_LSQBKT_c0_RSQBKT_	reactantsIn
M_cpd00066_c0	R_rxn12846_LSQBKT_c0_RSQBKT_	productsOf
M_cpd00067_e0	R_rxn05201_LSQBKT_c0_RSQBKT_	reactantsIn
M_cpd00226_e0	R_rxn05201_LSQBKT_c0_RSQBKT_	reactantsIn
M_cpd00226_c0	R_rxn05201_LSQBKT_c0_RSQBKT_	productsOf
M_cpd01646_c0	R_rxn02789_LSQBKT_c0_RSQBKT_	reactantsIn
M_cpd01710_c0	R_rxn02789_LSQBKT_c0_RSQBKT_	productsOf
M_cpd00202_c0	R_rxn00830_LSQBKT_c0_RSQBKT_	productsOf
M_cpd01311_c0	R_rxn08180_LSQBKT_c0_RSQBKT_	reactantsIn
M_cpd00074_c0	R_rxn08180_LSQBKT_c0_RSQBKT_	reactantsIn
M_cpd00060_c0	R_rxn08180_LSQBKT_c0_RSQBKT_	productsOf
M_cpd03091_c0	R_rxn08180_LSQBKT_c0_RSQBKT_	productsOf
M_cpd00104_c0	R_rxn08180_LSQBKT_c0_RSQBKT_	productsOf
M_cpd02375_c0	R_rxn00800_LSQBKT_c0_RSQBKT_	reactantsIn
M_cpd00106_c0	R_rxn00800_LSQBKT_c0_RSQBKT_	productsOf
M_cpd11421_c0	R_rxn05234_LSQBKT_c0_RSQBKT_	reactantsIn
M_cpd11420_c0	R_rxn05234_LSQBKT_c0_RSQBKT_	productsOf
M_cpd00241_c0	R_rxn05234_LSQBKT_c0_RSQBKT_	productsOf
M_cpd00282_c0	R_rxn01465_LSQBKT_c0_RSQBKT_	reactantsIn
M_cpd00343_c0	R_rxn01465_LSQBKT_c0_RSQBKT_	productsOf
M_cpd01324_c0	R_rxn00863_LSQBKT_c0_RSQBKT_	reactantsIn
M_cpd00119_c0	R_rxn00863_LSQBKT_c0_RSQBKT_	productsOf
M_cpd01080_c0	R_rxn09449_LSQBKT_c0_RSQBKT_	reactantsIn
M_cpd00327_c0	R_rxn09449_LSQBKT_c0_RSQBKT_	productsOf
M_cpd00498_c0	R_rxn03436_LSQBKT_c0_RSQBKT_	reactantsIn
M_cpd10162_c0	R_rxn03436_LSQBKT_c0_RSQBKT_	productsOf
M_cpd15522_c0	R_rxn08307_LSQBKT_c0_RSQBKT_	reactantsIn
M_cpd15423_c0	R_rxn08307_LSQBKT_c0_RSQBKT_	productsOf
M_cpd10515_e0	R_rxn05555_LSQBKT_c0_RSQBKT_	reactantsIn
M_cpd10515_c0	R_rxn05555_LSQBKT_c0_RSQBKT_	productsOf
M_cpd00641_c0	R_rxn02159_LSQBKT_c0_RSQBKT_	reactantsIn
M_cpd01324_c0	R_rxn02159_LSQBKT_c0_RSQBKT_	productsOf
M_cpd00216_c0	R_rxn00727_LSQBKT_c0_RSQBKT_	reactantsIn
M_cpd00093_c0	R_rxn00727_LSQBKT_c0_RSQBKT_	productsOf
M_cpd08928_c0	R_rxn04385_LSQBKT_c0_RSQBKT_	reactantsIn
M_cpd02547_c0	R_rxn04385_LSQBKT_c0_RSQBKT_	productsOf
M_cpd00227_c0	R_rxn01300_LSQBKT_c0_RSQBKT_	reactantsIn
M_cpd00809_c0	R_rxn01300_LSQBKT_c0_RSQBKT_	productsOf
M_cpd00029_c0	R_rxn00175_LSQBKT_c0_RSQBKT_	reactantsIn
M_cpd03421_c0	R_rxn06979_LSQBKT_c0_RSQBKT_	reactantsIn
M_cpd03914_c0	R_rxn06979_LSQBKT_c0_RSQBKT_	productsOf
M_cpd11584_c0	R_rxn12642_LSQBKT_c0_RSQBKT_	reactantsIn
M_cpd00119_c0	R_rxn12642_LSQBKT_c0_RSQBKT_	productsOf
M_cpd11430_c0	R_rxn05247_LSQBKT_c0_RSQBKT_	reactantsIn
M_cpd11435_c0	R_rxn05247_LSQBKT_c0_RSQBKT_	productsOf
M_cpd03560_c0	R_rxn00986_LSQBKT_c0_RSQBKT_	reactantsIn
M_cpd00141_c0	R_rxn00986_LSQBKT_c0_RSQBKT_	productsOf
M_cpd08373_c0	R_rxn07588_LSQBKT_c0_RSQBKT_	reactantsIn
M_cpd14961_c0	R_rxn07588_LSQBKT_c0_RSQBKT_	productsOf
M_cpd00099_e0	R_rxn10473_LSQBKT_c0_RSQBKT_	reactantsIn
M_cpd00099_c0	R_rxn10473_LSQBKT_c0_RSQBKT_	productsOf
M_cpd00067_e0	R_rxn05559_LSQBKT_c0_RSQBKT_	reactantsIn
M_cpd00047_e0	R_rxn05559_LSQBKT_c0_RSQBKT_	reactantsIn
M_cpd02498_c0	R_rxn03068_LSQBKT_c0_RSQBKT_	reactantsIn
M_cpd02569_c0	R_rxn03068_LSQBKT_c0_RSQBKT_	productsOf
M_cpd11592_c0	R_rxn12634_LSQBKT_c0_RSQBKT_	reactantsIn
M_cpd00219_c0	R_rxn01269_LSQBKT_c0_RSQBKT_	reactantsIn
M_cpd00868_c0	R_rxn01269_LSQBKT_c0_RSQBKT_	productsOf
M_cpd08370_c0	R_rxn04048_LSQBKT_c0_RSQBKT_	reactantsIn
M_cpd08371_c0	R_rxn04048_LSQBKT_c0_RSQBKT_	productsOf
M_cpd01982_c0	R_rxn00790_LSQBKT_c0_RSQBKT_	productsOf
M_cpd00689_c0	R_rxn00060_LSQBKT_c0_RSQBKT_	reactantsIn
M_cpd00755_c0	R_rxn00060_LSQBKT_c0_RSQBKT_	productsOf
M_cpd08372_c0	R_rxn04050_LSQBKT_c0_RSQBKT_	reactantsIn
M_cpd08373_c0	R_rxn04050_LSQBKT_c0_RSQBKT_	productsOf
M_cpd02843_c0	R_rxn02473_LSQBKT_c0_RSQBKT_	reactantsIn
M_cpd00930_c0	R_rxn02473_LSQBKT_c0_RSQBKT_	productsOf
M_cpd00114_c0	R_rxn00834_LSQBKT_c0_RSQBKT_	reactantsIn
M_cpd00497_c0	R_rxn00834_LSQBKT_c0_RSQBKT_	productsOf
M_cpd11587_c0	R_rxn12639_LSQBKT_c0_RSQBKT_	reactantsIn
M_cpd02882_c0	R_rxn03080_LSQBKT_c0_RSQBKT_	reactantsIn
M_cpd11225_c0	R_rxn03080_LSQBKT_c0_RSQBKT_	reactantsIn
M_cpd02656_c0	R_rxn03080_LSQBKT_c0_RSQBKT_	productsOf
M_cpd00792_c0	R_rxn03085_LSQBKT_c0_RSQBKT_	reactantsIn
M_cpd02679_c0	R_rxn03085_LSQBKT_c0_RSQBKT_	reactantsIn
M_cpd02737_c0	R_rxn03085_LSQBKT_c0_RSQBKT_	productsOf
M_cpd00649_c0	R_rxn03085_LSQBKT_c0_RSQBKT_	productsOf
M_cpd00782_c0	R_rxn02297_LSQBKT_c0_RSQBKT_	reactantsIn
M_cpd00800_c0	R_rxn02297_LSQBKT_c0_RSQBKT_	productsOf
M_cpd00171_c0	R_rxn05040_LSQBKT_c0_RSQBKT_	reactantsIn
M_cpd11225_c0	R_rxn05040_LSQBKT_c0_RSQBKT_	productsOf
M_cpd00355_c0	R_rxn00105_LSQBKT_c0_RSQBKT_	reactantsIn
M_cpd00130_c0	R_rxn00799_LSQBKT_c0_RSQBKT_	reactantsIn
M_cpd00106_c0	R_rxn00799_LSQBKT_c0_RSQBKT_	productsOf
M_cpd00516_c0	R_rxn00313_LSQBKT_c0_RSQBKT_	reactantsIn
M_cpd00039_c0	R_rxn00313_LSQBKT_c0_RSQBKT_	productsOf
M_cpd15683_c0	R_rxn10226_LSQBKT_c0_RSQBKT_	reactantsIn
M_cpd15689_c0	R_rxn10226_LSQBKT_c0_RSQBKT_	productsOf
M_cpd11438_c0	R_rxn05248_LSQBKT_c0_RSQBKT_	reactantsIn
M_cpd11439_c0	R_rxn05248_LSQBKT_c0_RSQBKT_	productsOf
M_cpd15680_c0	R_rxn10223_LSQBKT_c0_RSQBKT_	reactantsIn
M_cpd15686_c0	R_rxn10223_LSQBKT_c0_RSQBKT_	productsOf
M_cpd00036_c0	R_rxn00285_LSQBKT_c0_RSQBKT_	reactantsIn
M_cpd00078_c0	R_rxn00285_LSQBKT_c0_RSQBKT_	productsOf
M_cpd15746_c0	R_rxn10307_LSQBKT_c0_RSQBKT_	reactantsIn
M_cpd15764_c0	R_rxn10307_LSQBKT_c0_RSQBKT_	productsOf
M_cpd00101_c0	R_rxn00770_LSQBKT_c0_RSQBKT_	reactantsIn
M_cpd00477_c0	R_rxn00192_LSQBKT_c0_RSQBKT_	productsOf
M_cpd00026_c0	R_rxn00211_LSQBKT_c0_RSQBKT_	reactantsIn
M_cpd00144_c0	R_rxn00211_LSQBKT_c0_RSQBKT_	productsOf
M_cpd02394_c0	R_rxn04783_LSQBKT_c0_RSQBKT_	reactantsIn
M_cpd02678_c0	R_rxn04783_LSQBKT_c0_RSQBKT_	productsOf
M_cpd00383_c0	R_rxn01739_LSQBKT_c0_RSQBKT_	reactantsIn
M_cpd02030_c0	R_rxn01739_LSQBKT_c0_RSQBKT_	productsOf
M_cpd00363_c0	R_rxn00543_LSQBKT_c0_RSQBKT_	reactantsIn
M_cpd00071_c0	R_rxn00543_LSQBKT_c0_RSQBKT_	productsOf
M_cpd11421_c0	R_rxn05235_LSQBKT_c0_RSQBKT_	reactantsIn
M_cpd11420_c0	R_rxn05235_LSQBKT_c0_RSQBKT_	productsOf
M_cpd00356_c0	R_rxn05235_LSQBKT_c0_RSQBKT_	productsOf
M_cpd12227_c0	R_rxn06591_LSQBKT_c0_RSQBKT_	reactantsIn
M_cpd02345_c0	R_rxn06591_LSQBKT_c0_RSQBKT_	productsOf
M_cpd11912_c0	R_rxn06591_LSQBKT_c0_RSQBKT_	productsOf
M_cpd00060_c0	R_rxn00126_LSQBKT_c0_RSQBKT_	reactantsIn
M_cpd00242_c0	R_rxn00414_LSQBKT_c0_RSQBKT_	reactantsIn
M_cpd00146_c0	R_rxn00414_LSQBKT_c0_RSQBKT_	productsOf
M_cpd11912_c0	R_rxn06937_LSQBKT_c0_RSQBKT_	reactantsIn
M_cpd12227_c0	R_rxn06937_LSQBKT_c0_RSQBKT_	productsOf
M_cpd02438_c0	R_rxn03127_LSQBKT_c0_RSQBKT_	reactantsIn
M_cpd02817_c0	R_rxn03127_LSQBKT_c0_RSQBKT_	reactantsIn
M_cpd02935_c0	R_rxn03127_LSQBKT_c0_RSQBKT_	productsOf
M_cpd01024_c0	R_rxn03127_LSQBKT_c0_RSQBKT_	productsOf
M_cpd15751_c0	R_rxn10312_LSQBKT_c0_RSQBKT_	reactantsIn
M_cpd15769_c0	R_rxn10312_LSQBKT_c0_RSQBKT_	productsOf
M_cpd02642_c0	R_rxn02508_LSQBKT_c0_RSQBKT_	reactantsIn
M_cpd00956_c0	R_rxn02508_LSQBKT_c0_RSQBKT_	productsOf
M_cpd00837_c0	R_rxn00127_LSQBKT_c0_RSQBKT_	productsOf
M_cpd11433_c0	R_rxn05251_LSQBKT_c0_RSQBKT_	reactantsIn
M_cpd11434_c0	R_rxn05251_LSQBKT_c0_RSQBKT_	productsOf
M_cpd02893_c0	R_rxn02938_LSQBKT_c0_RSQBKT_	reactantsIn
M_cpd02140_c0	R_rxn02938_LSQBKT_c0_RSQBKT_	productsOf
M_cpd00128_c0	R_rxn00139_LSQBKT_c0_RSQBKT_	reactantsIn
M_cpd03847_c0	R_rxn05736_LSQBKT_c0_RSQBKT_	reactantsIn
M_cpd01695_c0	R_rxn05736_LSQBKT_c0_RSQBKT_	productsOf
M_cpd00067_e0	R_rxn05527_LSQBKT_c0_RSQBKT_	reactantsIn
M_cpd00307_e0	R_rxn05527_LSQBKT_c0_RSQBKT_	reactantsIn
M_cpd00307_c0	R_rxn05527_LSQBKT_c0_RSQBKT_	productsOf
M_cpd02552_c0	R_rxn02465_LSQBKT_c0_RSQBKT_	reactantsIn
M_cpd00918_c0	R_rxn02465_LSQBKT_c0_RSQBKT_	productsOf
M_cpd15417_c0	R_rxn09205_LSQBKT_c0_RSQBKT_	reactantsIn
M_cpd15552_c0	R_rxn09205_LSQBKT_c0_RSQBKT_	productsOf
M_cpd00239_c0	R_rxn05957_LSQBKT_c0_RSQBKT_	reactantsIn
M_cpd00822_c0	R_rxn05957_LSQBKT_c0_RSQBKT_	reactantsIn
M_cpd00135_c0	R_rxn05957_LSQBKT_c0_RSQBKT_	productsOf
M_cpd00036_c0	R_rxn05957_LSQBKT_c0_RSQBKT_	productsOf
M_cpd03833_c0	R_rxn03513_LSQBKT_c0_RSQBKT_	reactantsIn
M_cpd03834_c0	R_rxn03513_LSQBKT_c0_RSQBKT_	productsOf
M_cpd00290_c0	R_rxn00549_LSQBKT_c0_RSQBKT_	reactantsIn
M_cpd00072_c0	R_rxn00549_LSQBKT_c0_RSQBKT_	productsOf
M_cpd00216_c0	R_rxn01257_LSQBKT_c0_RSQBKT_	reactantsIn
M_cpd08210_c0	R_rxn01257_LSQBKT_c0_RSQBKT_	productsOf
M_cpd00383_c0	R_rxn01740_LSQBKT_c0_RSQBKT_	reactantsIn
M_cpd01716_c0	R_rxn01740_LSQBKT_c0_RSQBKT_	productsOf
M_cpd15606_c0	R_rxn12847_LSQBKT_c0_RSQBKT_	reactantsIn
M_cpd00069_c0	R_rxn12847_LSQBKT_c0_RSQBKT_	productsOf
M_cpd00132_c0	R_rxn00416_LSQBKT_c0_RSQBKT_	productsOf
M_cpd00806_c0	R_rxn01620_LSQBKT_c0_RSQBKT_	reactantsIn
M_cpd00095_c0	R_rxn01620_LSQBKT_c0_RSQBKT_	productsOf
M_cpd00334_c0	R_rxn01620_LSQBKT_c0_RSQBKT_	productsOf
M_cpd00156_c0	R_rxn00903_LSQBKT_c0_RSQBKT_	reactantsIn
M_cpd00123_c0	R_rxn00903_LSQBKT_c0_RSQBKT_	productsOf
M_cpd00214_c0	R_rxn00947_LSQBKT_c0_RSQBKT_	reactantsIn
M_cpd00134_c0	R_rxn00947_LSQBKT_c0_RSQBKT_	productsOf
M_cpd15749_c0	R_rxn10310_LSQBKT_c0_RSQBKT_	reactantsIn
M_cpd15767_c0	R_rxn10310_LSQBKT_c0_RSQBKT_	productsOf
M_cpd00114_c0	R_rxn00838_LSQBKT_c0_RSQBKT_	reactantsIn
M_cpd02375_c0	R_rxn00838_LSQBKT_c0_RSQBKT_	productsOf
M_cpd00031_c0	R_rxn00838_LSQBKT_c0_RSQBKT_	productsOf
M_cpd00861_c0	R_rxn00297_LSQBKT_c0_RSQBKT_	productsOf
M_cpd00446_c0	R_rxn00065_LSQBKT_c0_RSQBKT_	productsOf
M_cpd00135_c0	R_rxn00141_LSQBKT_c0_RSQBKT_	productsOf
M_cpd00182_c0	R_rxn00141_LSQBKT_c0_RSQBKT_	productsOf
M_cpd00279_c0	R_rxn01454_LSQBKT_c0_RSQBKT_	reactantsIn
M_cpd00292_c0	R_rxn01454_LSQBKT_c0_RSQBKT_	productsOf
M_cpd01977_c0	R_rxn00337_LSQBKT_c0_RSQBKT_	productsOf
M_cpd00101_c0	R_rxn00777_LSQBKT_c0_RSQBKT_	reactantsIn
M_cpd00171_c0	R_rxn00777_LSQBKT_c0_RSQBKT_	productsOf
M_cpd00297_c0	R_rxn01512_LSQBKT_c0_RSQBKT_	reactantsIn
M_cpd00357_c0	R_rxn01512_LSQBKT_c0_RSQBKT_	productsOf
M_cpd00283_c0	R_rxn01466_LSQBKT_c0_RSQBKT_	reactantsIn
M_cpd00350_c0	R_rxn01466_LSQBKT_c0_RSQBKT_	productsOf
M_cpd00668_c0	R_rxn02185_LSQBKT_c0_RSQBKT_	reactantsIn
M_cpd00056_c0	R_rxn02185_LSQBKT_c0_RSQBKT_	reactantsIn
M_cpd03049_c0	R_rxn02185_LSQBKT_c0_RSQBKT_	productsOf
M_cpd03487_c0	R_rxn03406_LSQBKT_c0_RSQBKT_	reactantsIn
M_cpd03488_c0	R_rxn03406_LSQBKT_c0_RSQBKT_	productsOf
M_cpd00482_c0	R_rxn01106_LSQBKT_c0_RSQBKT_	reactantsIn
M_cpd00169_c0	R_rxn01106_LSQBKT_c0_RSQBKT_	productsOf
M_cpd02611_c0	R_rxn00293_LSQBKT_c0_RSQBKT_	reactantsIn
M_cpd00062_c0	R_rxn00293_LSQBKT_c0_RSQBKT_	reactantsIn
M_cpd00155_c0	R_rxn05740_LSQBKT_c0_RSQBKT_	reactantsIn
M_cpd00089_c0	R_rxn05740_LSQBKT_c0_RSQBKT_	productsOf
M_cpd15302_c0	R_rxn05740_LSQBKT_c0_RSQBKT_	productsOf
M_cpd03832_c0	R_rxn11544_LSQBKT_c0_RSQBKT_	reactantsIn
M_cpd03913_c0	R_rxn11544_LSQBKT_c0_RSQBKT_	productsOf
M_cpd00764_c0	R_rxn02277_LSQBKT_c0_RSQBKT_	reactantsIn
M_cpd01311_c0	R_rxn02277_LSQBKT_c0_RSQBKT_	productsOf
M_cpd11588_c0	R_rxn12638_LSQBKT_c0_RSQBKT_	reactantsIn
M_cpd00129_c0	R_rxn12638_LSQBKT_c0_RSQBKT_	productsOf
M_cpd02655_c0	R_rxn02480_LSQBKT_c0_RSQBKT_	reactantsIn
M_cpd00936_c0	R_rxn02480_LSQBKT_c0_RSQBKT_	productsOf
M_cpd11583_c0	R_rxn12643_LSQBKT_c0_RSQBKT_	reactantsIn
M_cpd00107_c0	R_rxn12643_LSQBKT_c0_RSQBKT_	productsOf
M_cpd00649_c0	R_rxn03079_LSQBKT_c0_RSQBKT_	reactantsIn
M_cpd02679_c0	R_rxn03079_LSQBKT_c0_RSQBKT_	reactantsIn
M_cpd00792_c0	R_rxn03079_LSQBKT_c0_RSQBKT_	productsOf
M_cpd02655_c0	R_rxn03079_LSQBKT_c0_RSQBKT_	productsOf
M_cpd00755_c0	R_rxn02264_LSQBKT_c0_RSQBKT_	reactantsIn
M_cpd00774_c0	R_rxn02264_LSQBKT_c0_RSQBKT_	productsOf
M_cpd00971_e0	R_rxn05209_LSQBKT_c0_RSQBKT_	reactantsIn
M_cpd00067_e0	R_rxn05209_LSQBKT_c0_RSQBKT_	productsOf
M_cpd00971_c0	R_rxn05209_LSQBKT_c0_RSQBKT_	productsOf
M_cpd15521_c0	R_rxn08306_LSQBKT_c0_RSQBKT_	reactantsIn
M_cpd15417_c0	R_rxn08306_LSQBKT_c0_RSQBKT_	productsOf
M_cpd00061_c0	R_rxn00148_LSQBKT_c0_RSQBKT_	productsOf
M_cpd00026_c0	R_rxn00214_LSQBKT_c0_RSQBKT_	reactantsIn
M_cpd00043_c0	R_rxn00214_LSQBKT_c0_RSQBKT_	productsOf
M_cpd00067_e0	R_rxn05197_LSQBKT_c0_RSQBKT_	reactantsIn
M_cpd00092_e0	R_rxn05197_LSQBKT_c0_RSQBKT_	reactantsIn
M_cpd00092_c0	R_rxn05197_LSQBKT_c0_RSQBKT_	productsOf
M_cpd11420_c0	R_rxn05289_LSQBKT_c0_RSQBKT_	reactantsIn
M_cpd11421_c0	R_rxn05289_LSQBKT_c0_RSQBKT_	productsOf
M_cpd15685_c0	R_rxn10228_LSQBKT_c0_RSQBKT_	reactantsIn
M_cpd15691_c0	R_rxn10228_LSQBKT_c0_RSQBKT_	productsOf
M_cpd00079_c0	R_rxn01977_LSQBKT_c0_RSQBKT_	reactantsIn
M_cpd00863_c0	R_rxn01977_LSQBKT_c0_RSQBKT_	productsOf
M_cpd15269_c0	R_rxn09448_LSQBKT_c0_RSQBKT_	reactantsIn
M_cpd15274_c0	R_rxn09448_LSQBKT_c0_RSQBKT_	productsOf
M_cpd03519_c0	R_rxn03421_LSQBKT_c0_RSQBKT_	reactantsIn
M_cpd03666_c0	R_rxn03421_LSQBKT_c0_RSQBKT_	productsOf
M_cpd11591_c0	R_rxn12635_LSQBKT_c0_RSQBKT_	reactantsIn
M_cpd00060_c0	R_rxn12635_LSQBKT_c0_RSQBKT_	productsOf
M_cpd00062_c0	R_rxn00213_LSQBKT_c0_RSQBKT_	reactantsIn
M_cpd00089_c0	R_rxn00213_LSQBKT_c0_RSQBKT_	reactantsIn
M_cpd00026_c0	R_rxn00213_LSQBKT_c0_RSQBKT_	productsOf
M_cpd15753_c0	R_rxn10314_LSQBKT_c0_RSQBKT_	reactantsIn
M_cpd15771_c0	R_rxn10314_LSQBKT_c0_RSQBKT_	productsOf
M_cpd00066_c0	R_rxn00493_LSQBKT_c0_RSQBKT_	reactantsIn
M_cpd00143_c0	R_rxn00493_LSQBKT_c0_RSQBKT_	productsOf
M_cpd01775_c0	R_rxn00789_LSQBKT_c0_RSQBKT_	productsOf
M_cpd11420_c0	R_rxn06077_LSQBKT_c0_RSQBKT_	reactantsIn
M_cpd00060_c0	R_rxn06077_LSQBKT_c0_RSQBKT_	reactantsIn
M_cpd11421_c0	R_rxn06077_LSQBKT_c0_RSQBKT_	productsOf
M_cpd01914_c0	R_rxn06077_LSQBKT_c0_RSQBKT_	productsOf
M_cpd01982_c0	R_rxn02895_LSQBKT_c0_RSQBKT_	reactantsIn
M_cpd02394_c0	R_rxn02895_LSQBKT_c0_RSQBKT_	productsOf
M_cpd15420_c0	R_rxn09211_LSQBKT_c0_RSQBKT_	reactantsIn
M_cpd15558_c0	R_rxn09211_LSQBKT_c0_RSQBKT_	productsOf
M_cpd00800_c0	R_rxn02312_LSQBKT_c0_RSQBKT_	reactantsIn
M_cpd00764_c0	R_rxn02312_LSQBKT_c0_RSQBKT_	productsOf
M_cpd02701_c0	R_rxn02312_LSQBKT_c0_RSQBKT_	productsOf
M_cpd00793_c0	R_rxn00438_LSQBKT_c0_RSQBKT_	reactantsIn
M_cpd00056_c0	R_rxn00438_LSQBKT_c0_RSQBKT_	productsOf
M_cpd00149_c0	R_rxn10474_LSQBKT_c0_RSQBKT_	reactantsIn
M_cpd00149_e0	R_rxn10474_LSQBKT_c0_RSQBKT_	productsOf
M_cpd01977_c0	R_rxn01643_LSQBKT_c0_RSQBKT_	reactantsIn
M_cpd00346_c0	R_rxn01643_LSQBKT_c0_RSQBKT_	productsOf
M_cpd15418_c0	R_rxn09209_LSQBKT_c0_RSQBKT_	reactantsIn
M_cpd15556_c0	R_rxn09209_LSQBKT_c0_RSQBKT_	productsOf
M_cpd00643_c0	R_rxn02431_LSQBKT_c0_RSQBKT_	reactantsIn
M_cpd00936_c0	R_rxn02431_LSQBKT_c0_RSQBKT_	reactantsIn
M_cpd00895_c0	R_rxn02431_LSQBKT_c0_RSQBKT_	productsOf
M_cpd00735_c0	R_rxn02431_LSQBKT_c0_RSQBKT_	productsOf
M_cpd02616_c0	R_rxn01999_LSQBKT_c0_RSQBKT_	reactantsIn
M_cpd00521_c0	R_rxn01999_LSQBKT_c0_RSQBKT_	productsOf
M_cpd00247_c0	R_rxn01362_LSQBKT_c0_RSQBKT_	reactantsIn
M_cpd00810_c0	R_rxn01362_LSQBKT_c0_RSQBKT_	productsOf
M_cpd12225_c0	R_rxn06493_LSQBKT_c0_RSQBKT_	reactantsIn
M_cpd12005_c0	R_rxn06493_LSQBKT_c0_RSQBKT_	productsOf
M_cpd02333_c0	R_rxn02402_LSQBKT_c0_RSQBKT_	reactantsIn
M_cpd00873_c0	R_rxn02402_LSQBKT_c0_RSQBKT_	productsOf
M_cpd15681_c0	R_rxn10224_LSQBKT_c0_RSQBKT_	reactantsIn
M_cpd15687_c0	R_rxn10224_LSQBKT_c0_RSQBKT_	productsOf
M_cpd15688_c0	R_rxn10231_LSQBKT_c0_RSQBKT_	reactantsIn
M_cpd15694_c0	R_rxn10231_LSQBKT_c0_RSQBKT_	productsOf
M_cpd02693_c0	R_rxn02811_LSQBKT_c0_RSQBKT_	reactantsIn
M_cpd01710_c0	R_rxn02811_LSQBKT_c0_RSQBKT_	productsOf
M_cpd00078_c0	R_rxn05939_LSQBKT_c0_RSQBKT_	reactantsIn
M_cpd00146_c0	R_rxn01019_LSQBKT_c0_RSQBKT_	reactantsIn
M_cpd00064_c0	R_rxn01019_LSQBKT_c0_RSQBKT_	reactantsIn
M_cpd00274_c0	R_rxn01019_LSQBKT_c0_RSQBKT_	productsOf
M_cpd00062_c0	R_rxn00412_LSQBKT_c0_RSQBKT_	reactantsIn
M_cpd15525_c0	R_rxn08310_LSQBKT_c0_RSQBKT_	reactantsIn
M_cpd15418_c0	R_rxn08310_LSQBKT_c0_RSQBKT_	productsOf
M_cpd02991_c0	R_rxn03135_LSQBKT_c0_RSQBKT_	reactantsIn
M_cpd02851_c0	R_rxn03135_LSQBKT_c0_RSQBKT_	productsOf
M_cpd02843_c0	R_rxn03135_LSQBKT_c0_RSQBKT_	productsOf
M_cpd00342_c0	R_rxn00469_LSQBKT_c0_RSQBKT_	reactantsIn
M_cpd00029_c0	R_rxn00469_LSQBKT_c0_RSQBKT_	productsOf
M_cpd00064_c0	R_rxn00469_LSQBKT_c0_RSQBKT_	productsOf
M_cpd00084_c0	R_rxn12512_LSQBKT_c0_RSQBKT_	reactantsIn
M_cpd02201_c0	R_rxn12512_LSQBKT_c0_RSQBKT_	reactantsIn
M_cpd02666_c0	R_rxn12512_LSQBKT_c0_RSQBKT_	productsOf
M_cpd00093_c0	R_rxn00791_LSQBKT_c0_RSQBKT_	reactantsIn
M_cpd02642_c0	R_rxn00791_LSQBKT_c0_RSQBKT_	productsOf
M_cpd00286_c0	R_rxn08040_LSQBKT_c0_RSQBKT_	reactantsIn
M_cpd00091_c0	R_rxn08040_LSQBKT_c0_RSQBKT_	productsOf
M_cpd00946_c0	R_rxn08040_LSQBKT_c0_RSQBKT_	productsOf
M_cpd00342_c0	R_rxn01636_LSQBKT_c0_RSQBKT_	reactantsIn
M_cpd00477_c0	R_rxn01636_LSQBKT_c0_RSQBKT_	productsOf
M_cpd00064_c0	R_rxn01636_LSQBKT_c0_RSQBKT_	productsOf
M_cpd00311_c0	R_rxn00914_LSQBKT_c0_RSQBKT_	reactantsIn
M_cpd00126_c0	R_rxn00914_LSQBKT_c0_RSQBKT_	productsOf
M_cpd00350_c0	R_rxn03843_LSQBKT_c0_RSQBKT_	reactantsIn
M_cpd08211_c0	R_rxn03843_LSQBKT_c0_RSQBKT_	productsOf
M_cpd00235_c0	R_rxn01329_LSQBKT_c0_RSQBKT_	reactantsIn
M_cpd00485_c0	R_rxn01329_LSQBKT_c0_RSQBKT_	productsOf
M_cpd08369_c0	R_rxn04047_LSQBKT_c0_RSQBKT_	reactantsIn
M_cpd08370_c0	R_rxn04047_LSQBKT_c0_RSQBKT_	productsOf
M_cpd00305_e0	R_rxn05177_LSQBKT_c0_RSQBKT_	reactantsIn
M_cpd00305_c0	R_rxn05177_LSQBKT_c0_RSQBKT_	productsOf
M_cpd00295_c0	R_rxn01353_LSQBKT_c0_RSQBKT_	reactantsIn
M_cpd00241_c0	R_rxn01353_LSQBKT_c0_RSQBKT_	productsOf
M_cpd00073_e0	R_rxn05667_LSQBKT_c0_RSQBKT_	reactantsIn
M_cpd00073_c0	R_rxn05667_LSQBKT_c0_RSQBKT_	productsOf
M_cpd15237_c0	R_rxn09450_LSQBKT_c0_RSQBKT_	reactantsIn
M_cpd15238_c0	R_rxn09450_LSQBKT_c0_RSQBKT_	productsOf
M_cpd00202_c0	R_rxn01213_LSQBKT_c0_RSQBKT_	reactantsIn
M_cpd00283_c0	R_rxn01213_LSQBKT_c0_RSQBKT_	productsOf
M_cpd00477_c0	R_rxn01917_LSQBKT_c0_RSQBKT_	reactantsIn
M_cpd02552_c0	R_rxn01917_LSQBKT_c0_RSQBKT_	productsOf
M_cpd00169_c0	R_rxn01100_LSQBKT_c0_RSQBKT_	reactantsIn
M_cpd00203_c0	R_rxn01100_LSQBKT_c0_RSQBKT_	productsOf
M_cpd01974_c0	R_rxn02339_LSQBKT_c0_RSQBKT_	reactantsIn
M_cpd00830_c0	R_rxn02339_LSQBKT_c0_RSQBKT_	productsOf
M_cpd00834_c0	R_rxn02175_LSQBKT_c0_RSQBKT_	reactantsIn
M_cpd00655_c0	R_rxn02175_LSQBKT_c0_RSQBKT_	productsOf
M_cpd00106_c0	R_rxn00288_LSQBKT_c0_RSQBKT_	reactantsIn
M_cpd00982_c0	R_rxn00288_LSQBKT_c0_RSQBKT_	reactantsIn
M_cpd00036_c0	R_rxn00288_LSQBKT_c0_RSQBKT_	productsOf
M_cpd00015_c0	R_rxn00288_LSQBKT_c0_RSQBKT_	productsOf
M_cpd00408_c0	R_rxn01790_LSQBKT_c0_RSQBKT_	reactantsIn
M_cpd00712_c0	R_rxn01790_LSQBKT_c0_RSQBKT_	productsOf
M_cpd02636_c0	R_rxn03075_LSQBKT_c0_RSQBKT_	reactantsIn
M_cpd02654_c0	R_rxn03075_LSQBKT_c0_RSQBKT_	productsOf
M_cpd00095_c0	R_rxn00747_LSQBKT_c0_RSQBKT_	productsOf
M_cpd00068_c0	R_rxn00707_LSQBKT_c0_RSQBKT_	reactantsIn
M_cpd00367_c0	R_rxn00707_LSQBKT_c0_RSQBKT_	reactantsIn
M_cpd00090_c0	R_rxn00707_LSQBKT_c0_RSQBKT_	productsOf
M_cpd02775_c0	R_rxn03108_LSQBKT_c0_RSQBKT_	reactantsIn
M_cpd02894_c0	R_rxn03108_LSQBKT_c0_RSQBKT_	productsOf
M_cpd03835_c0	R_rxn03512_LSQBKT_c0_RSQBKT_	reactantsIn
M_cpd03832_c0	R_rxn03512_LSQBKT_c0_RSQBKT_	productsOf
M_cpd00031_c0	R_rxn00237_LSQBKT_c0_RSQBKT_	reactantsIn
M_cpd00738_c0	R_rxn00420_LSQBKT_c0_RSQBKT_	reactantsIn
M_cpd15752_c0	R_rxn10313_LSQBKT_c0_RSQBKT_	reactantsIn
M_cpd15770_c0	R_rxn10313_LSQBKT_c0_RSQBKT_	productsOf
M_cpd00219_c0	R_rxn01268_LSQBKT_c0_RSQBKT_	reactantsIn
M_cpd00868_c0	R_rxn01268_LSQBKT_c0_RSQBKT_	productsOf
M_cpd15677_c0	R_rxn10220_LSQBKT_c0_RSQBKT_	reactantsIn
M_cpd15683_c0	R_rxn10220_LSQBKT_c0_RSQBKT_	productsOf
M_cpd00152_c0	R_rxn00858_LSQBKT_c0_RSQBKT_	reactantsIn
M_cpd00118_c0	R_rxn00858_LSQBKT_c0_RSQBKT_	productsOf
M_cpd00073_c0	R_rxn00858_LSQBKT_c0_RSQBKT_	productsOf
M_cpd00254_e0	R_rxn10571_LSQBKT_c0_RSQBKT_	reactantsIn
M_cpd00254_c0	R_rxn10571_LSQBKT_c0_RSQBKT_	productsOf
M_cpd10516_e0	R_rxn05195_LSQBKT_c0_RSQBKT_	reactantsIn
M_cpd10516_c0	R_rxn05195_LSQBKT_c0_RSQBKT_	productsOf
M_cpd02605_c0	R_rxn01208_LSQBKT_c0_RSQBKT_	reactantsIn
M_cpd00200_c0	R_rxn01208_LSQBKT_c0_RSQBKT_	productsOf
M_cpd00001_e0	R_rxn05319_LSQBKT_c0_RSQBKT_	productsOf
M_cpd00011_e0	R_rxn05467_LSQBKT_c0_RSQBKT_	reactantsIn
M_cpd03443_c0	R_rxn03393_LSQBKT_c0_RSQBKT_	reactantsIn
M_cpd03444_c0	R_rxn03393_LSQBKT_c0_RSQBKT_	productsOf
M_cpd01772_c0	R_rxn02832_LSQBKT_c0_RSQBKT_	reactantsIn
M_cpd03451_c0	R_rxn02832_LSQBKT_c0_RSQBKT_	productsOf
M_cpd00421_c0	R_rxn10052_LSQBKT_c0_RSQBKT_	reactantsIn
M_cpd11524_c0	R_rxn05388_LSQBKT_c0_RSQBKT_	reactantsIn
M_cpd11525_c0	R_rxn05388_LSQBKT_c0_RSQBKT_	productsOf
M_cpd11495_c0	R_rxn05359_LSQBKT_c0_RSQBKT_	reactantsIn
M_cpd11496_c0	R_rxn05359_LSQBKT_c0_RSQBKT_	productsOf
M_cpd00774_c0	R_rxn02288_LSQBKT_c0_RSQBKT_	reactantsIn
M_cpd02083_c0	R_rxn02288_LSQBKT_c0_RSQBKT_	productsOf
M_cpd11488_c0	R_rxn08766_LSQBKT_c0_RSQBKT_	reactantsIn
M_cpd01080_c0	R_rxn08019_LSQBKT_c0_RSQBKT_	reactantsIn
M_cpd15268_c0	R_rxn08019_LSQBKT_c0_RSQBKT_	productsOf
M_cpd00161_c0	R_rxn00737_LSQBKT_c0_RSQBKT_	reactantsIn
M_cpd00094_c0	R_rxn00737_LSQBKT_c0_RSQBKT_	productsOf
M_cpd11532_c0	R_rxn05396_LSQBKT_c0_RSQBKT_	reactantsIn
M_cpd11533_c0	R_rxn05396_LSQBKT_c0_RSQBKT_	productsOf
M_cpd03422_c0	R_rxn05029_LSQBKT_c0_RSQBKT_	reactantsIn
M_cpd00421_c0	R_rxn05029_LSQBKT_c0_RSQBKT_	productsOf
M_cpd03918_c0	R_rxn05029_LSQBKT_c0_RSQBKT_	productsOf
M_cpd00355_e0	R_rxn10181_LSQBKT_c0_RSQBKT_	reactantsIn
M_cpd00355_c0	R_rxn10181_LSQBKT_c0_RSQBKT_	productsOf
M_cpd00357_c0	R_rxn01675_LSQBKT_c0_RSQBKT_	reactantsIn
M_cpd00089_c0	R_rxn01675_LSQBKT_c0_RSQBKT_	reactantsIn
M_cpd00626_c0	R_rxn01675_LSQBKT_c0_RSQBKT_	productsOf
M_cpd00346_c0	R_rxn01644_LSQBKT_c0_RSQBKT_	reactantsIn
M_cpd02120_c0	R_rxn01644_LSQBKT_c0_RSQBKT_	productsOf
M_cpd00626_c0	R_rxn01997_LSQBKT_c0_RSQBKT_	reactantsIn
M_cpd00521_c0	R_rxn01997_LSQBKT_c0_RSQBKT_	productsOf
M_cpd11515_c0	R_rxn05379_LSQBKT_c0_RSQBKT_	reactantsIn
M_cpd11516_c0	R_rxn05379_LSQBKT_c0_RSQBKT_	productsOf
M_cpd11507_c0	R_rxn05371_LSQBKT_c0_RSQBKT_	reactantsIn
M_cpd11508_c0	R_rxn05371_LSQBKT_c0_RSQBKT_	productsOf
M_cpd00957_c0	R_rxn00300_LSQBKT_c0_RSQBKT_	productsOf
M_cpd00220_c0	R_rxn00392_LSQBKT_c0_RSQBKT_	reactantsIn
M_cpd00050_c0	R_rxn00392_LSQBKT_c0_RSQBKT_	productsOf
M_cpd03447_c0	R_rxn03397_LSQBKT_c0_RSQBKT_	reactantsIn
M_cpd03448_c0	R_rxn03397_LSQBKT_c0_RSQBKT_	productsOf
M_cpd00058_e0	R_rxn10481_LSQBKT_c0_RSQBKT_	reactantsIn
M_cpd00058_c0	R_rxn10481_LSQBKT_c0_RSQBKT_	productsOf
M_cpd00906_c0	R_rxn13477_LSQBKT_c0_RSQBKT_	reactantsIn
M_cpd00350_c0	R_rxn13477_LSQBKT_c0_RSQBKT_	productsOf
M_cpd15268_c0	R_rxn10954_LSQBKT_c0_RSQBKT_	reactantsIn
M_cpd11488_c0	R_rxn10954_LSQBKT_c0_RSQBKT_	productsOf
M_cpd02069_c0	R_rxn02914_LSQBKT_c0_RSQBKT_	reactantsIn
M_cpd00738_c0	R_rxn02914_LSQBKT_c0_RSQBKT_	productsOf
M_cpd00042_c0	R_rxn00350_LSQBKT_c0_RSQBKT_	reactantsIn
M_cpd01017_c0	R_rxn00350_LSQBKT_c0_RSQBKT_	productsOf
M_cpd03918_c0	R_rxn03536_LSQBKT_c0_RSQBKT_	reactantsIn
M_cpd03919_c0	R_rxn03536_LSQBKT_c0_RSQBKT_	productsOf
M_cpd03918_c0	R_rxn05054_LSQBKT_c0_RSQBKT_	reactantsIn
M_cpd03917_c0	R_rxn05054_LSQBKT_c0_RSQBKT_	productsOf
M_cpd02039_c0	R_rxn05054_LSQBKT_c0_RSQBKT_	productsOf
M_cpd00807_c0	R_rxn02160_LSQBKT_c0_RSQBKT_	reactantsIn
M_cpd00641_c0	R_rxn02160_LSQBKT_c0_RSQBKT_	productsOf
M_cpd02590_c0	R_rxn12008_LSQBKT_c0_RSQBKT_	reactantsIn
M_cpd02557_c0	R_rxn12008_LSQBKT_c0_RSQBKT_	productsOf
M_cpd02720_c0	R_rxn05039_LSQBKT_c0_RSQBKT_	reactantsIn
M_cpd02882_c0	R_rxn05039_LSQBKT_c0_RSQBKT_	productsOf
M_cpd00508_c0	R_rxn02269_LSQBKT_c0_RSQBKT_	reactantsIn
M_cpd00760_c0	R_rxn02269_LSQBKT_c0_RSQBKT_	productsOf
M_cpd00906_c0	R_rxn03891_LSQBKT_c0_RSQBKT_	reactantsIn
M_cpd02590_c0	R_rxn03891_LSQBKT_c0_RSQBKT_	productsOf
M_cpd00216_c0	R_rxn01256_LSQBKT_c0_RSQBKT_	reactantsIn
M_cpd00219_c0	R_rxn01256_LSQBKT_c0_RSQBKT_	productsOf
M_cpd00242_c0	R_rxn00102_LSQBKT_c0_RSQBKT_	productsOf
M_cpd00115_c0	R_rxn09562_LSQBKT_c0_RSQBKT_	reactantsIn
M_cpd00126_c0	R_rxn09562_LSQBKT_c0_RSQBKT_	reactantsIn
M_cpd00177_c0	R_rxn09562_LSQBKT_c0_RSQBKT_	productsOf
M_cpd00031_c0	R_rxn09562_LSQBKT_c0_RSQBKT_	productsOf
M_cpd02685_c0	R_rxn01972_LSQBKT_c0_RSQBKT_	reactantsIn
M_cpd00029_c0	R_rxn01972_LSQBKT_c0_RSQBKT_	productsOf
M_cpd00504_c0	R_rxn01972_LSQBKT_c0_RSQBKT_	productsOf
M_cpd00063_e0	R_rxn05513_LSQBKT_c0_RSQBKT_	reactantsIn
M_cpd00063_c0	R_rxn05513_LSQBKT_c0_RSQBKT_	productsOf
M_cpd03919_c0	R_rxn03537_LSQBKT_c0_RSQBKT_	reactantsIn
M_cpd03920_c0	R_rxn03537_LSQBKT_c0_RSQBKT_	productsOf
M_cpd02465_c0	R_rxn03030_LSQBKT_c0_RSQBKT_	reactantsIn
M_cpd03289_c0	R_rxn03030_LSQBKT_c0_RSQBKT_	productsOf
M_cpd00091_c0	R_rxn00119_LSQBKT_c0_RSQBKT_	reactantsIn
M_cpd00218_c0	R_rxn01265_LSQBKT_c0_RSQBKT_	reactantsIn
M_cpd00873_c0	R_rxn01265_LSQBKT_c0_RSQBKT_	productsOf
M_cpd08316_c0	R_rxn03919_LSQBKT_c0_RSQBKT_	reactantsIn
M_cpd04920_c0	R_rxn03919_LSQBKT_c0_RSQBKT_	productsOf
M_cpd00161_c0	R_rxn01068_LSQBKT_c0_RSQBKT_	reactantsIn
M_cpd02211_c0	R_rxn01068_LSQBKT_c0_RSQBKT_	productsOf
M_cpd11520_c0	R_rxn05384_LSQBKT_c0_RSQBKT_	reactantsIn
M_cpd11521_c0	R_rxn05384_LSQBKT_c0_RSQBKT_	productsOf
M_cpd01772_c0	R_rxn02831_LSQBKT_c0_RSQBKT_	reactantsIn
M_cpd02021_c0	R_rxn02831_LSQBKT_c0_RSQBKT_	productsOf
M_cpd00050_c0	R_rxn11650_LSQBKT_c0_RSQBKT_	reactantsIn
M_cpd03915_c0	R_rxn11650_LSQBKT_c0_RSQBKT_	reactantsIn
M_cpd03914_c0	R_rxn11650_LSQBKT_c0_RSQBKT_	productsOf
M_cpd01270_c0	R_rxn11650_LSQBKT_c0_RSQBKT_	productsOf
M_cpd00045_c0	R_rxn00137_LSQBKT_c0_RSQBKT_	reactantsIn
M_cpd02904_c0	R_rxn03150_LSQBKT_c0_RSQBKT_	reactantsIn
M_cpd03423_c0	R_rxn03150_LSQBKT_c0_RSQBKT_	productsOf
M_cpd00029_c0	R_rxn00172_LSQBKT_c0_RSQBKT_	reactantsIn
M_cpd00497_c0	R_rxn00917_LSQBKT_c0_RSQBKT_	reactantsIn
M_cpd00126_c0	R_rxn00917_LSQBKT_c0_RSQBKT_	productsOf
M_cpd02211_c0	R_rxn00274_LSQBKT_c0_RSQBKT_	reactantsIn
M_cpd11536_c0	R_rxn05400_LSQBKT_c0_RSQBKT_	reactantsIn
M_cpd11537_c0	R_rxn05400_LSQBKT_c0_RSQBKT_	productsOf
M_cpd03917_c0	R_rxn03540_LSQBKT_c0_RSQBKT_	reactantsIn
M_cpd03916_c0	R_rxn03540_LSQBKT_c0_RSQBKT_	productsOf
M_cpd00305_c0	R_rxn01538_LSQBKT_c0_RSQBKT_	reactantsIn
M_cpd00793_c0	R_rxn01538_LSQBKT_c0_RSQBKT_	productsOf
M_cpd11540_c0	R_rxn05404_LSQBKT_c0_RSQBKT_	reactantsIn
M_cpd11541_c0	R_rxn05404_LSQBKT_c0_RSQBKT_	productsOf
M_cpd11528_c0	R_rxn05392_LSQBKT_c0_RSQBKT_	reactantsIn
M_cpd11529_c0	R_rxn05392_LSQBKT_c0_RSQBKT_	productsOf
M_cpd11503_c0	R_rxn05367_LSQBKT_c0_RSQBKT_	reactantsIn
M_cpd11504_c0	R_rxn05367_LSQBKT_c0_RSQBKT_	productsOf
M_cpd03494_c0	R_rxn03408_LSQBKT_c0_RSQBKT_	reactantsIn
M_cpd03495_c0	R_rxn03408_LSQBKT_c0_RSQBKT_	productsOf
M_cpd11484_c0	R_rxn06729_LSQBKT_c0_RSQBKT_	reactantsIn
M_cpd02886_c0	R_rxn06729_LSQBKT_c0_RSQBKT_	productsOf
M_cpd00064_c0	R_rxn00470_LSQBKT_c0_RSQBKT_	reactantsIn
M_cpd00118_c0	R_rxn00470_LSQBKT_c0_RSQBKT_	productsOf
M_cpd12370_c0	R_rxn06023_LSQBKT_c0_RSQBKT_	reactantsIn
M_cpd00045_c0	R_rxn06023_LSQBKT_c0_RSQBKT_	productsOf
M_cpd00111_c0	R_rxn00086_LSQBKT_c0_RSQBKT_	reactantsIn
M_cpd00042_c0	R_rxn00086_LSQBKT_c0_RSQBKT_	productsOf
M_cpd03289_c0	R_rxn03086_LSQBKT_c0_RSQBKT_	reactantsIn
M_cpd02685_c0	R_rxn03086_LSQBKT_c0_RSQBKT_	productsOf
M_cpd00061_c0	R_rxn01332_LSQBKT_c0_RSQBKT_	reactantsIn
M_cpd00236_c0	R_rxn01332_LSQBKT_c0_RSQBKT_	reactantsIn
M_cpd02857_c0	R_rxn01332_LSQBKT_c0_RSQBKT_	productsOf
M_cpd00286_c0	R_rxn03904_LSQBKT_c0_RSQBKT_	reactantsIn
M_cpd02968_c0	R_rxn03904_LSQBKT_c0_RSQBKT_	reactantsIn
M_cpd00091_c0	R_rxn03904_LSQBKT_c0_RSQBKT_	productsOf
M_cpd03494_c0	R_rxn03904_LSQBKT_c0_RSQBKT_	productsOf
M_cpd00026_c0	R_rxn08618_LSQBKT_c0_RSQBKT_	reactantsIn
M_cpd15489_c0	R_rxn08618_LSQBKT_c0_RSQBKT_	reactantsIn
M_cpd15479_c0	R_rxn08618_LSQBKT_c0_RSQBKT_	productsOf
M_cpd00101_c0	R_rxn00833_LSQBKT_c0_RSQBKT_	reactantsIn
M_cpd00226_c0	R_rxn00833_LSQBKT_c0_RSQBKT_	reactantsIn
M_cpd00114_c0	R_rxn00833_LSQBKT_c0_RSQBKT_	productsOf
M_cpd00216_c0	R_rxn01258_LSQBKT_c0_RSQBKT_	reactantsIn
M_cpd00658_c0	R_rxn01258_LSQBKT_c0_RSQBKT_	productsOf
M_cpd00095_c0	R_rxn00611_LSQBKT_c0_RSQBKT_	reactantsIn
M_cpd00080_c0	R_rxn00611_LSQBKT_c0_RSQBKT_	productsOf
M_cpd00050_c0	R_rxn00122_LSQBKT_c0_RSQBKT_	reactantsIn
M_cpd00015_c0	R_rxn00122_LSQBKT_c0_RSQBKT_	productsOf
M_cpd00171_c0	R_rxn01117_LSQBKT_c0_RSQBKT_	reactantsIn
M_cpd00817_c0	R_rxn01117_LSQBKT_c0_RSQBKT_	productsOf
M_cpd03451_c0	R_rxn04675_LSQBKT_c0_RSQBKT_	reactantsIn
M_cpd00658_c0	R_rxn04675_LSQBKT_c0_RSQBKT_	productsOf
M_cpd04122_c0	R_rxn05735_LSQBKT_c0_RSQBKT_	reactantsIn
M_cpd02120_c0	R_rxn02929_LSQBKT_c0_RSQBKT_	reactantsIn
M_cpd02465_c0	R_rxn02929_LSQBKT_c0_RSQBKT_	productsOf
M_cpd11511_c0	R_rxn05375_LSQBKT_c0_RSQBKT_	reactantsIn
M_cpd11512_c0	R_rxn05375_LSQBKT_c0_RSQBKT_	productsOf
M_cpd01080_c0	R_rxn09128_LSQBKT_c0_RSQBKT_	reactantsIn
M_cpd15358_c0	R_rxn09128_LSQBKT_c0_RSQBKT_	reactantsIn
M_cpd15526_c0	R_rxn09128_LSQBKT_c0_RSQBKT_	productsOf
M_cpd11499_c0	R_rxn05363_LSQBKT_c0_RSQBKT_	reactantsIn
M_cpd11500_c0	R_rxn05363_LSQBKT_c0_RSQBKT_	productsOf
M_cpd02295_c0	R_rxn02898_LSQBKT_c0_RSQBKT_	reactantsIn
M_cpd02021_c0	R_rxn02898_LSQBKT_c0_RSQBKT_	productsOf
M_cpd03920_c0	R_rxn03538_LSQBKT_c0_RSQBKT_	reactantsIn
M_cpd03423_c0	R_rxn03538_LSQBKT_c0_RSQBKT_	reactantsIn
M_cpd00126_c0	R_rxn03538_LSQBKT_c0_RSQBKT_	productsOf
M_cpd00166_c0	R_rxn03538_LSQBKT_c0_RSQBKT_	productsOf
M_cpd11295_c0	R_rxn08349_LSQBKT_c0_RSQBKT_	reactantsIn
M_cpd00869_c0	R_rxn08349_LSQBKT_c0_RSQBKT_	productsOf
M_cpd11217_c0	R_rxn05023_LSQBKT_c0_RSQBKT_	reactantsIn
M_cpd02295_c0	R_rxn05023_LSQBKT_c0_RSQBKT_	productsOf
M_cpd00064_c0	R_rxn00471_LSQBKT_c0_RSQBKT_	reactantsIn
M_cpd00129_c0	R_rxn00471_LSQBKT_c0_RSQBKT_	productsOf
M_cpd00214_c0	R_rxn09429_LSQBKT_c0_RSQBKT_	reactantsIn
M_cpd00070_c0	R_rxn09429_LSQBKT_c0_RSQBKT_	reactantsIn
M_cpd01080_c0	R_rxn09429_LSQBKT_c0_RSQBKT_	productsOf
M_cpd00085_c0	R_rxn00346_LSQBKT_c0_RSQBKT_	productsOf
M_cpd00506_c0	R_rxn00351_LSQBKT_c0_RSQBKT_	reactantsIn
M_cpd00042_c0	R_rxn00351_LSQBKT_c0_RSQBKT_	productsOf
M_cpd00408_c0	R_rxn01791_LSQBKT_c0_RSQBKT_	reactantsIn
M_cpd00085_c0	R_rxn01791_LSQBKT_c0_RSQBKT_	reactantsIn
M_cpd00644_c0	R_rxn01791_LSQBKT_c0_RSQBKT_	productsOf
M_cpd00292_c0	R_rxn01501_LSQBKT_c0_RSQBKT_	reactantsIn
M_cpd00332_c0	R_rxn01501_LSQBKT_c0_RSQBKT_	productsOf
M_cpd00242_c0	R_rxn00250_LSQBKT_c0_RSQBKT_	reactantsIn
M_cpd00032_c0	R_rxn00250_LSQBKT_c0_RSQBKT_	productsOf
M_cpd00084_c0	R_rxn00646_LSQBKT_c0_RSQBKT_	reactantsIn
M_cpd00506_c0	R_rxn00646_LSQBKT_c0_RSQBKT_	productsOf
M_cpd00013_e0	R_rxn05466_LSQBKT_c0_RSQBKT_	reactantsIn
M_cpd03847_c0	R_rxn09433_LSQBKT_c0_RSQBKT_	reactantsIn
M_cpd00070_c0	R_rxn09433_LSQBKT_c0_RSQBKT_	reactantsIn
M_cpd00214_c0	R_rxn09433_LSQBKT_c0_RSQBKT_	productsOf
M_cpd00289_c0	R_rxn05287_LSQBKT_c0_RSQBKT_	reactantsIn
M_cpd02591_c0	R_rxn05287_LSQBKT_c0_RSQBKT_	productsOf
M_cpd16335_c0	R_rxn11703_LSQBKT_c0_RSQBKT_	reactantsIn
M_cpd03451_c0	R_rxn11703_LSQBKT_c0_RSQBKT_	productsOf
M_cpd00869_c0	R_rxn05108_LSQBKT_c0_RSQBKT_	reactantsIn
M_cpd00060_c0	R_rxn05108_LSQBKT_c0_RSQBKT_	productsOf
M_cpd00658_c0	R_rxn11702_LSQBKT_c0_RSQBKT_	reactantsIn
M_cpd16335_c0	R_rxn11702_LSQBKT_c0_RSQBKT_	productsOf
M_cpd00070_c0	R_rxn05744_LSQBKT_c0_RSQBKT_	reactantsIn
M_cpd03847_c0	R_rxn05744_LSQBKT_c0_RSQBKT_	productsOf
M_cpd02591_c0	R_rxn03892_LSQBKT_c0_RSQBKT_	reactantsIn
M_cpd00906_c0	R_rxn03892_LSQBKT_c0_RSQBKT_	productsOf
M_cpd00873_c0	R_rxn02155_LSQBKT_c0_RSQBKT_	reactantsIn
M_cpd00638_c0	R_rxn02155_LSQBKT_c0_RSQBKT_	productsOf
M_cpd00032_c0	R_rxn00258_LSQBKT_c0_RSQBKT_	reactantsIn
M_cpd00070_c0	R_rxn00258_LSQBKT_c0_RSQBKT_	productsOf
M_cpd02791_c0	R_rxn05104_LSQBKT_c0_RSQBKT_	reactantsIn
M_cpd11295_c0	R_rxn05104_LSQBKT_c0_RSQBKT_	productsOf
M_cpd00239_c0	R_rxn05909_LSQBKT_c0_RSQBKT_	reactantsIn
M_cpd00084_c0	R_rxn05909_LSQBKT_c0_RSQBKT_	productsOf
M_cpd00279_c0	R_rxn00178_LSQBKT_c0_RSQBKT_	productsOf
M_cpd02021_c0	R_rxn05024_LSQBKT_c0_RSQBKT_	reactantsIn
M_cpd11217_c0	R_rxn05024_LSQBKT_c0_RSQBKT_	productsOf
M_cpd00182_c0	R_rxn00134_LSQBKT_c0_RSQBKT_	reactantsIn
M_cpd00051_c0	R_biomass0	reactantsIn
M_cpd00060_c0	R_biomass0	reactantsIn
M_cpd00161_c0	R_biomass0	reactantsIn
M_cpd00254_c0	R_biomass0	reactantsIn
M_cpd00220_c0	R_biomass0	reactantsIn
M_cpd00039_c0	R_biomass0	reactantsIn
M_cpd00557_c0	R_biomass0	reactantsIn
M_cpd10515_c0	R_biomass0	reactantsIn
M_cpd00118_c0	R_biomass0	reactantsIn
M_cpd00264_c0	R_biomass0	reactantsIn
M_cpd00115_c0	R_biomass0	reactantsIn
M_cpd00084_c0	R_biomass0	reactantsIn
M_cpd00357_c0	R_biomass0	reactantsIn
M_cpd00107_c0	R_biomass0	reactantsIn
M_cpd00205_c0	R_biomass0	reactantsIn
M_cpd17041_c0	R_biomass0	reactantsIn
M_cpd00062_c0	R_biomass0	reactantsIn
M_cpd00069_c0	R_biomass0	reactantsIn
M_cpd17042_c0	R_biomass0	reactantsIn
M_cpd00149_c0	R_biomass0	reactantsIn
M_cpd00132_c0	R_biomass0	reactantsIn
M_cpd00895_c0	R_biomass0	reactantsIn
M_cpd02246_c0	R_biomass0	reactantsIn
M_cpd00015_c0	R_biomass0	reactantsIn
M_cpd00065_c0	R_biomass0	reactantsIn
M_cpd00356_c0	R_biomass0	reactantsIn
M_cpd00016_c0	R_biomass0	reactantsIn
M_cpd00129_c0	R_biomass0	reactantsIn
M_cpd00056_c0	R_biomass0	reactantsIn
M_cpd02817_c0	R_biomass0	reactantsIn
M_cpd00643_c0	R_biomass0	reactantsIn
M_cpd17043_c0	R_biomass0	reactantsIn
M_cpd00649_c0	R_biomass0	reactantsIn
M_cpd00322_c0	R_biomass0	reactantsIn
M_cpd00066_c0	R_biomass0	reactantsIn
M_cpd00241_c0	R_biomass0	reactantsIn
M_cpd00119_c0	R_biomass0	reactantsIn
M_cpd00099_c0	R_biomass0	reactantsIn
M_cpd00156_c0	R_biomass0	reactantsIn
M_cpd10516_c0	R_biomass0	reactantsIn
M_cpd00042_c0	R_biomass0	reactantsIn
M_cpd00063_c0	R_biomass0	reactantsIn
M_cpd00166_c0	R_biomass0	reactantsIn
M_cpd03425_c0	R_biomass0	reactantsIn
M_cpd15868_c0	R_biomass0	reactantsIn
M_cpd00131_c0	R_biomass0	reactantsIn
M_ARCN_e0	R_biomass0	reactantsIn
M_cpd16579_c0	R_biomass0	reactantsIn
M_SATARCHL_c0	R_biomass0	reactantsIn
M_SATARCHLS_c0	R_biomass0	reactantsIn
M_cpd01997_c0	R_biomass0	productsOf
M_cpd12370_c0	R_biomass0	productsOf
M_cpd11416_c0	R_biomass0	productsOf
M_cpd03422_c0	R_biomass0	productsOf
M_cpd02935_c0	R_HdrABC	reactantsIn
M_cpd02246_c0	R_HdrABC	productsOf
M_cpd02817_c0	R_HdrABC	productsOf
M_cpd00971_e0	R_Eha_FSLASH_Ehb	reactantsIn
M_cpd00971_c0	R_Eha_FSLASH_Ehb	productsOf
M_cpd00027_c0	R_rxn04042_LSQBKT_c0_RSQBKT_	reactantsIn
M_cpd00079_c0	R_rxn04042_LSQBKT_c0_RSQBKT_	productsOf
M_cpd00072_c0	R_rxn04043_LSQBKT_c0_RSQBKT_	reactantsIn
M_cpd00290_c0	R_rxn04043_LSQBKT_c0_RSQBKT_	productsOf
M_cpd03285_c0	R_rxn04026_LSQBKT_c0_RSQBKT_	reactantsIn
M_cpd00460_c0	R_rxn04026_LSQBKT_c0_RSQBKT_	productsOf
M_cpd08367_c0	R_rxn04934_LSQBKT_c0_RSQBKT_	reactantsIn
M_cpd03285_c0	R_rxn04934_LSQBKT_c0_RSQBKT_	productsOf
M_cpd08366_c0	R_rxn04036_LSQBKT_c0_RSQBKT_	reactantsIn
M_cpd08367_c0	R_rxn04036_LSQBKT_c0_RSQBKT_	productsOf
M_cpd02465_c0	R_rxn07741_LSQBKT_c0_RSQBKT_	reactantsIn
M_cpd00504_c0	R_rxn07741_LSQBKT_c0_RSQBKT_	productsOf
M_cpd00607_c0	R_rxn05109_LSQBKT_c0_RSQBKT_	productsOf
M_cpd00607_c0	R_rxn02749_LSQBKT_c0_RSQBKT_	reactantsIn
M_cpd01502_c0	R_rxn02749_LSQBKT_c0_RSQBKT_	productsOf
M_cpd01502_c0	R_rxn02751_LSQBKT_c0_RSQBKT_	reactantsIn
M_cpd03593_c0	R_rxn02751_LSQBKT_c0_RSQBKT_	productsOf
M_cpd03593_c0	R_rxn00735_LSQBKT_c0_RSQBKT_	reactantsIn
M_cpd00094_c0	R_rxn00735_LSQBKT_c0_RSQBKT_	productsOf
M_cpd00094_c0	R_rxn08043_LSQBKT_c0_RSQBKT_	reactantsIn
M_cpd00498_c0	R_rxn08043_LSQBKT_c0_RSQBKT_	productsOf
M_cpd00498_c0	R_rxn08764_LSQBKT_c0_RSQBKT_	reactantsIn
M_cpd02535_c0	R_rxn08764_LSQBKT_c0_RSQBKT_	productsOf
M_cpd00051_c0	R_rxn00405_LSQBKT_c0_RSQBKT_	reactantsIn
M_cpd00152_c0	R_rxn00405_LSQBKT_c0_RSQBKT_	productsOf
M_cpd00029_e0	R_rxn10904_LSQBKT_c0_RSQBKT_	reactantsIn
M_cpd00029_c0	R_rxn10904_LSQBKT_c0_RSQBKT_	productsOf
M_cpd00278_c0	R_rxn10561_LSQBKT_c0_RSQBKT_	reactantsIn
M_cpd11175_c0	R_rxn10561_LSQBKT_c0_RSQBKT_	productsOf
M_cpd02655_c0	R_rxn06696_LSQBKT_c0_RSQBKT_	reactantsIn
M_cpd02679_c0	R_rxn06696_LSQBKT_c0_RSQBKT_	productsOf
M_cpd00971_e0	R_ATPS	reactantsIn
M_cpd00971_c0	R_ATPS	productsOf
M_cpd00649_c0	R_Fdh	reactantsIn
M_cpd00792_c0	R_Fdh	productsOf
M_cpd02935_c0	R_Hdr_formate	reactantsIn
M_cpd02246_c0	R_Hdr_formate	productsOf
M_cpd02817_c0	R_Hdr_formate	productsOf
M_cpd00130_c0	R_rxn00249_LSQBKT_c0_RSQBKT_	reactantsIn
M_cpd00032_c0	R_rxn00249_LSQBKT_c0_RSQBKT_	productsOf
M_cpd00106_c0	R_Tfr	reactantsIn
M_cpd02246_c0	R_Tfr	reactantsIn
M_cpd02817_c0	R_Tfr	reactantsIn
M_cpd00036_c0	R_Tfr	productsOf
M_cpd02935_c0	R_Tfr	productsOf
M_cpd00971_e0	R_rxn05215_LSQBKT_c0_RSQBKT_	reactantsIn
M_cpd00035_e0	R_rxn05215_LSQBKT_c0_RSQBKT_	reactantsIn
M_cpd00971_c0	R_rxn05215_LSQBKT_c0_RSQBKT_	productsOf
M_cpd00971_e0	R_rxn13660_LSQBKT_c0_RSQBKT_	reactantsIn
M_cpd00117_e0	R_rxn13660_LSQBKT_c0_RSQBKT_	reactantsIn
M_cpd00117_c0	R_rxn13660_LSQBKT_c0_RSQBKT_	productsOf
M_cpd00971_c0	R_rxn13660_LSQBKT_c0_RSQBKT_	productsOf
M_cpd00528_e0	R_rxn10577_LSQBKT_c0_RSQBKT_	reactantsIn
M_cpd00528_c0	R_rxn10577_LSQBKT_c0_RSQBKT_	productsOf
M_cpd00239_e0	R_rxn10541_LSQBKT_c0_RSQBKT_	reactantsIn
M_cpd00239_c0	R_rxn10541_LSQBKT_c0_RSQBKT_	productsOf
M_cpd00239_c0	R_Dsr_DASH_LP	reactantsIn
M_cpd00081_c0	R_Dsr_DASH_LP	productsOf
M_cpd15886_c0	R_rxn10434_LSQBKT_c0_RSQBKT_	productsOf
M_cpd15886_c0	R_rxn10608_LSQBKT_c0_RSQBKT_	reactantsIn
M_cpd15833_c0	R_rxn10608_LSQBKT_c0_RSQBKT_	productsOf
M_cpd15833_c0	R_rxn10599_LSQBKT_c0_RSQBKT_	reactantsIn
M_cpd02483_c0	R_rxn10599_LSQBKT_c0_RSQBKT_	productsOf
M_cpd02483_c0	R_rxn10472_LSQBKT_c0_RSQBKT_	reactantsIn
M_cpd15888_c0	R_rxn10472_LSQBKT_c0_RSQBKT_	productsOf
M_cpd15888_c0	R_rxn10612_LSQBKT_c0_RSQBKT_	reactantsIn
M_cpd15901_c0	R_rxn10612_LSQBKT_c0_RSQBKT_	productsOf
M_cpd15901_c0	R_rxn10433_LSQBKT_c0_RSQBKT_	reactantsIn
M_cpd15831_c0	R_rxn10433_LSQBKT_c0_RSQBKT_	productsOf
M_cpd15831_c0	R_rxn10595_LSQBKT_c0_RSQBKT_	reactantsIn
M_cpd15882_c0	R_rxn10595_LSQBKT_c0_RSQBKT_	productsOf
M_cpd15882_c0	R_rxn10468_LSQBKT_c0_RSQBKT_	reactantsIn
M_cpd15908_c0	R_rxn10468_LSQBKT_c0_RSQBKT_	productsOf
M_cpd15908_c0	R_rxn10610_LSQBKT_c0_RSQBKT_	reactantsIn
M_cpd15900_c0	R_rxn10610_LSQBKT_c0_RSQBKT_	productsOf
M_cpd15900_c0	R_rxn10435_LSQBKT_c0_RSQBKT_	reactantsIn
M_cpd15832_c0	R_rxn10435_LSQBKT_c0_RSQBKT_	productsOf
M_cpd15832_c0	R_rxn10596_LSQBKT_c0_RSQBKT_	reactantsIn
M_cpd15883_c0	R_rxn10596_LSQBKT_c0_RSQBKT_	productsOf
M_cpd15883_c0	R_rxn10469_LSQBKT_c0_RSQBKT_	reactantsIn
M_cpd15909_c0	R_rxn10469_LSQBKT_c0_RSQBKT_	productsOf
M_cpd15909_c0	R_rxn10611_LSQBKT_c0_RSQBKT_	reactantsIn
M_cpd16398_c0	R_rxn10611_LSQBKT_c0_RSQBKT_	productsOf
M_cpd16398_c0	R_rxn11855_LSQBKT_c0_RSQBKT_	reactantsIn
M_cpd15829_c0	R_rxn11855_LSQBKT_c0_RSQBKT_	productsOf
M_cpd00084_c0	R_rxn10424_LSQBKT_c0_RSQBKT_	reactantsIn
M_cpd15829_c0	R_rxn10424_LSQBKT_c0_RSQBKT_	reactantsIn
M_cpd15827_c0	R_rxn10424_LSQBKT_c0_RSQBKT_	productsOf
M_cpd00161_c0	R_rxn10425_LSQBKT_c0_RSQBKT_	reactantsIn
M_cpd15827_c0	R_rxn10425_LSQBKT_c0_RSQBKT_	reactantsIn
M_cpd15828_c0	R_rxn10425_LSQBKT_c0_RSQBKT_	productsOf
M_cpd15828_c0	R_rxn10475_LSQBKT_c0_RSQBKT_	reactantsIn
M_cpd02817_c0	R_rxn10475_LSQBKT_c0_RSQBKT_	productsOf
M_cpd15850_c0	R_MptA	productsOf
M_cpd15850_c0	R_rxn10490_LSQBKT_c0_RSQBKT_	reactantsIn
M_cpd03521_c0	R_rxn10490_LSQBKT_c0_RSQBKT_	productsOf
M_cpd03521_c0	R_rxn03168_LSQBKT_c0_RSQBKT_	reactantsIn
M_cpd02961_c0	R_rxn03168_LSQBKT_c0_RSQBKT_	productsOf
M_cpd02961_c0	R_rxn02504_LSQBKT_c0_RSQBKT_	reactantsIn
M_cpd00954_c0	R_rxn02504_LSQBKT_c0_RSQBKT_	productsOf
M_cpd00229_c0	R_rxn02504_LSQBKT_c0_RSQBKT_	productsOf
M_cpd00954_c0	R_rxn02503_LSQBKT_c0_RSQBKT_	reactantsIn
M_cpd02920_c0	R_rxn02503_LSQBKT_c0_RSQBKT_	productsOf
M_cpd00443_c0	R_rxn10446_LSQBKT_c0_RSQBKT_	reactantsIn
M_cpd15830_c0	R_rxn10446_LSQBKT_c0_RSQBKT_	productsOf
M_cpd02920_c0	R_rxn10491_LSQBKT_c0_RSQBKT_	reactantsIn
M_cpd15830_c0	R_rxn10491_LSQBKT_c0_RSQBKT_	reactantsIn
M_cpd15851_c0	R_rxn10491_LSQBKT_c0_RSQBKT_	productsOf
M_cpd15851_c0	R_H4MPTs	reactantsIn
M_cpd02041_c0	R_H4MPTs	reactantsIn
M_cpd00895_c0	R_H4MPTs	productsOf
M_cpd02041_c0	R_rxn10432_LSQBKT_c0_RSQBKT_	productsOf
M_cpd00346_c0	R_ADTHs	reactantsIn
M_cpd15853_c0	R_ADTHs	reactantsIn
M_2ATDLH6U_c0	R_ADTHs	productsOf
M_cpd17158_c0	R_ADTHs	productsOf
M_2ATDLH6U_c0	R_ADTHOR	reactantsIn
M_cpd00699_c0	R_ADTHOR	productsOf
M_cpd00699_c0	R_3DHQAT	reactantsIn
M_2A3DHQ_c0	R_3DHQAT	productsOf
M_2A3DHQ_c0	R_4ADSs	reactantsIn
M_4A3DHS_c0	R_4ADSs	productsOf
M_4A3DHS_c0	R_4ASDH	reactantsIn
M_4ASKM_c0	R_4ASDH	productsOf
M_4ASKM_c0	R_4ASDHT	reactantsIn
M_4A3H15D1C_c0	R_4ASDHT	productsOf
M_4A3H15D1C_c0	R_ABEEs	reactantsIn
M_cpd00443_c0	R_ABEEs	productsOf
M_cpd00229_c0	R_rxn00979_LSQBKT_c0_RSQBKT_	reactantsIn
M_cpd00139_c0	R_rxn00979_LSQBKT_c0_RSQBKT_	productsOf
M_cpd00139_c0	R_rxn00512_LSQBKT_c0_RSQBKT_	reactantsIn
M_cpd00040_c0	R_rxn00512_LSQBKT_c0_RSQBKT_	productsOf
M_cpd00040_c0	R_rxn00272_LSQBKT_c0_RSQBKT_	reactantsIn
M_cpd00239_c0	R_COMs	reactantsIn
M_cpd00460_c0	R_COMs	reactantsIn
M_cpd02246_c0	R_COMs	productsOf
M_cpd00069_c0	R_rxn00529_LSQBKT_c0_RSQBKT_	reactantsIn
M_cpd00374_c0	R_rxn00529_LSQBKT_c0_RSQBKT_	productsOf
M_cpd00374_c0	R_MfnD	reactantsIn
M_GGT_c0	R_MfnD	productsOf
M_cpd00095_c0	R_MfnB	reactantsIn
M_4HM2FCP_c0	R_MfnB	productsOf
M_4HM2FCP_c0	R_MfnC	reactantsIn
M_5AM3FMP_c0	R_MfnC	productsOf
M_5AM3FMP_c0	R_F1Pp	reactantsIn
M_5AM3FMPP_c0	R_F1Pp	productsOf
M_GGT_c0	R_F1PPc	reactantsIn
M_5AM3FMPP_c0	R_F1PPc	reactantsIn
M_AEPM2FMA_c0	R_F1PPc	productsOf
M_AEPM2FMA_c0	R_MFs	reactantsIn
M_cpd00643_c0	R_MFs	productsOf
M_cpd01620_c0	R_rxn10508_LSQBKT_c0_RSQBKT_	reactantsIn
M_cpd00244_c0	R_rxn10508_LSQBKT_c0_RSQBKT_	reactantsIn
M_cpd15873_c0	R_rxn10508_LSQBKT_c0_RSQBKT_	productsOf
M_cpd15873_c0	R_rxn10509_LSQBKT_c0_RSQBKT_	reactantsIn
M_cpd15874_c0	R_rxn10509_LSQBKT_c0_RSQBKT_	productsOf
M_cpd15874_c0	R_rxn10510_LSQBKT_c0_RSQBKT_	reactantsIn
M_cpd15875_c0	R_rxn10510_LSQBKT_c0_RSQBKT_	productsOf
M_cpd15875_c0	R_rxn10511_LSQBKT_c0_RSQBKT_	reactantsIn
M_cpd15905_c0	R_rxn10511_LSQBKT_c0_RSQBKT_	productsOf
M_cpd15905_c0	R_rxn10512_LSQBKT_c0_RSQBKT_	reactantsIn
M_cpd03425_c0	R_rxn10512_LSQBKT_c0_RSQBKT_	productsOf
M_cpd00244_e0	R_rxn05174_LSQBKT_c0_RSQBKT_	reactantsIn
M_cpd00244_c0	R_rxn05174_LSQBKT_c0_RSQBKT_	productsOf
M_cpd02882_c0	R_rxn10499_LSQBKT_c0_RSQBKT_	reactantsIn
M_cpd00868_c0	R_rxn10499_LSQBKT_c0_RSQBKT_	reactantsIn
M_cpd00180_c0	R_rxn10499_LSQBKT_c0_RSQBKT_	productsOf
M_cpd15839_c0	R_rxn10499_LSQBKT_c0_RSQBKT_	productsOf
M_cpd00334_c0	R_rxn01053_LSQBKT_c0_RSQBKT_	reactantsIn
M_cpd00159_c0	R_rxn01053_LSQBKT_c0_RSQBKT_	productsOf
M_cpd15809_c0	R_rxn10567_LSQBKT_c0_RSQBKT_	reactantsIn
M_cpd15889_c0	R_rxn10567_LSQBKT_c0_RSQBKT_	productsOf
M_cpd00159_c0	R_rxn10420_LSQBKT_c0_RSQBKT_	reactantsIn
M_cpd00031_c0	R_rxn10420_LSQBKT_c0_RSQBKT_	productsOf
M_cpd15809_c0	R_rxn10420_LSQBKT_c0_RSQBKT_	productsOf
M_cpd15839_c0	R_rxn10566_LSQBKT_c0_RSQBKT_	reactantsIn
M_cpd15889_c0	R_rxn10566_LSQBKT_c0_RSQBKT_	reactantsIn
M_cpd00126_c0	R_rxn10566_LSQBKT_c0_RSQBKT_	productsOf
M_cpd15864_c0	R_rxn10566_LSQBKT_c0_RSQBKT_	productsOf
M_cpd15864_c0	R_rxn10525_LSQBKT_c0_RSQBKT_	reactantsIn
M_cpd00031_c0	R_rxn10525_LSQBKT_c0_RSQBKT_	productsOf
M_cpd15865_c0	R_rxn10525_LSQBKT_c0_RSQBKT_	productsOf
M_cpd15865_c0	R_rxn10526_LSQBKT_c0_RSQBKT_	reactantsIn
M_cpd00649_c0	R_rxn10526_LSQBKT_c0_RSQBKT_	productsOf
M_cpd00031_c0	R_rxn10526_LSQBKT_c0_RSQBKT_	productsOf
M_cpd00649_c0	R_rxn10527_LSQBKT_c0_RSQBKT_	reactantsIn
M_cpd00031_c0	R_rxn10527_LSQBKT_c0_RSQBKT_	productsOf
M_cpd15868_c0	R_rxn10527_LSQBKT_c0_RSQBKT_	productsOf
M_cpd00040_c0	R_rxn05734_LSQBKT_c0_RSQBKT_	reactantsIn
M_cpd00180_c0	R_rxn05734_LSQBKT_c0_RSQBKT_	productsOf
M_cpd00282_c0	R_rxn01361_LSQBKT_c0_RSQBKT_	reactantsIn
M_cpd00247_c0	R_rxn01361_LSQBKT_c0_RSQBKT_	productsOf
M_cpd00204_c0	R_CODH	productsOf
M_cpd02737_c0	R_ACS	reactantsIn
M_cpd00204_c0	R_ACS	reactantsIn
M_cpd00895_c0	R_ACS	productsOf
M_cpd00204_c0	R_rxn10480_LSQBKT_c0_RSQBKT_	reactantsIn
M_cpd00204_e0	R_rxn10480_LSQBKT_c0_RSQBKT_	productsOf
M_cpd00792_c0	R_FNO	reactantsIn
M_cpd00649_c0	R_FNO	productsOf
M_cpd00131_e0	R_Mot	reactantsIn
M_cpd00131_c0	R_Mot	productsOf
M_cpd00346_c0	R_HcyS	reactantsIn
M_cpd00239_c0	R_HcyS	reactantsIn
M_cpd00135_c0	R_HcyS	productsOf
M_cpd00135_c0	R_MetS	reactantsIn
M_cpd02737_c0	R_MetS	reactantsIn
M_cpd00060_c0	R_MetS	productsOf
M_cpd00895_c0	R_MetS	productsOf
M_cpd03523_c0	R_rxn02430_LSQBKT_c0_RSQBKT_	reactantsIn
M_cpd00895_c0	R_rxn02430_LSQBKT_c0_RSQBKT_	productsOf
M_cpd00123_c0	R_H4MPT3M2Om	reactantsIn
M_cpd02679_c0	R_H4MPT3M2Om	reactantsIn
M_cpd00895_c0	R_H4MPT3M2Om	productsOf
M_cpd00712_c0	R_H4MPT3M2Om	productsOf
M_cpd00299_c0	R_H4MPTdUMPm	reactantsIn
M_cpd02679_c0	R_H4MPTdUMPm	reactantsIn
M_cpd00298_c0	R_H4MPTdUMPm	productsOf
M_cpd03523_c0	R_H4MPTdUMPm	productsOf
M_cpd02851_c0	R_FH4MPTAf	reactantsIn
M_cpd00936_c0	R_FH4MPTAf	reactantsIn
M_cpd00895_c0	R_FH4MPTAf	productsOf
M_cpd02884_c0	R_FH4MPTAf	productsOf
M_cpd17158_c0	R_HPAr	reactantsIn
M_cpd00861_c0	R_rxn02377_LSQBKT_c0_RSQBKT_	reactantsIn
M_cpd03732_c0	R_rxn02377_LSQBKT_c0_RSQBKT_	productsOf
M_cpd02782_c0	R_rxn00298_LSQBKT_c0_RSQBKT_	productsOf
M_cpd02782_c0	R_UGAor	reactantsIn
M_U2A2D3OG_c0	R_UGAor	productsOf
M_U2A2D3OG_c0	R_UGNAa	reactantsIn
M_U2A3A23DDG_c0	R_UGNAa	productsOf
M_U2A3A23DDG_c0	R_UGNAna	reactantsIn
M_U23DA23DDG_c0	R_UGNAna	productsOf
M_U23DA23DDG_c0	R_UGNAe	reactantsIn
M_U23DA23DDM_c0	R_UGNAe	productsOf
M_U23DA23DDM_c0	R_UMNAat	reactantsIn
M_U3A23DAM_c0	R_UMNAat	productsOf
M_N2A24D5MH4U15P_c0	R_2NACmt	reactantsIn
M_N2A24D5MAEH5U15P_c0	R_2NACmt	productsOf
M_cpd00161_c0	R_TSot	reactantsIn
M_LIP4SUG_c0	R_TSot	reactantsIn
M_LIP4SUGT_c0	R_TSot	productsOf
M_U23DA23DDG_c0	R_GLCgt	reactantsIn
M_LIP1SUG_c0	R_GLCgt	reactantsIn
M_LIP2SUG_c0	R_GLCgt	productsOf
M_U3A23DAM_c0	R_MANgt	reactantsIn
M_LIP2SUG_c0	R_MANgt	reactantsIn
M_LIP3SUG_c0	R_MANgt	productsOf
M_N2A24D5MH4U15P_c0	R_2NACgt	reactantsIn
M_LIP3SUG_c0	R_2NACgt	reactantsIn
M_LIP4SUG_c0	R_2NACgt	productsOf
M_LIP4SUGT_e0	R_TSost	reactantsIn
M_FLGN_e0	R_TSost	reactantsIn
M_ARCN_e0	R_TSost	productsOf
M_LIP4SUGT_c0	R_TSf	reactantsIn
M_LIP4SUGT_e0	R_TSf	productsOf
M_cpd00175_c0	R_GALgt	reactantsIn
M_MEMLIP_c0	R_GALgt	reactantsIn
M_LIP1SUG_c0	R_GALgt	productsOf
M_cpd00703_c0	R_rxn10560_LSQBKT_c0_RSQBKT_	reactantsIn
M_cpd00067_e0	R_rxn10560_LSQBKT_c0_RSQBKT_	productsOf
M_cpd00703_e0	R_rxn10560_LSQBKT_c0_RSQBKT_	productsOf
M_cpd00067_e0	R_rxn10559_LSQBKT_c0_RSQBKT_	reactantsIn
M_cpd00489_e0	R_rxn10559_LSQBKT_c0_RSQBKT_	reactantsIn
M_cpd00489_c0	R_rxn10559_LSQBKT_c0_RSQBKT_	productsOf
M_cpd00067_e0	R_rxn10587_LSQBKT_c0_RSQBKT_	reactantsIn
M_cpd00430_e0	R_rxn10587_LSQBKT_c0_RSQBKT_	reactantsIn
M_cpd00430_c0	R_rxn10587_LSQBKT_c0_RSQBKT_	productsOf
M_cpd00703_c0	R_rxn10586_LSQBKT_c0_RSQBKT_	reactantsIn
M_cpd11175_c0	R_rxn10586_LSQBKT_c0_RSQBKT_	productsOf
M_cpd00489_c0	R_rxn01946_LSQBKT_c0_RSQBKT_	reactantsIn
M_cpd03165_c0	R_rxn01946_LSQBKT_c0_RSQBKT_	productsOf
M_cpd00430_c0	R_rxn01842_LSQBKT_c0_RSQBKT_	reactantsIn
M_cpd00452_c0	R_rxn01842_LSQBKT_c0_RSQBKT_	productsOf
M_cpd00868_c0	R_rxn10563_LSQBKT_c0_RSQBKT_	reactantsIn
M_cpd03165_c0	R_rxn10563_LSQBKT_c0_RSQBKT_	productsOf
M_cpd00143_c0	R_rxn10562_LSQBKT_c0_RSQBKT_	reactantsIn
M_cpd00452_c0	R_rxn10562_LSQBKT_c0_RSQBKT_	productsOf
M_cpd00065_c0	R_rxn00483_LSQBKT_c0_RSQBKT_	reactantsIn
M_cpd00278_c0	R_rxn00483_LSQBKT_c0_RSQBKT_	productsOf
M_cpd00149_e0	R_rxn05166_LSQBKT_c0_RSQBKT_	reactantsIn
M_cpd00149_c0	R_rxn05166_LSQBKT_c0_RSQBKT_	productsOf
M_cpd00063_e0	R_rxn10447_LSQBKT_c0_RSQBKT_	reactantsIn
M_cpd00063_c0	R_rxn10447_LSQBKT_c0_RSQBKT_	productsOf
M_cpd00290_c0	R_rxn01491_LSQBKT_c0_RSQBKT_	reactantsIn
M_cpd00802_c0	R_rxn01491_LSQBKT_c0_RSQBKT_	productsOf
M_cpd00802_c0	R_F6PG3Pl	reactantsIn
M_cpd00095_c0	R_F6PG3Pl	productsOf
M_cpd00428_c0	R_2OPs	productsOf
M_cpd00290_c0	R_DKFPs1	reactantsIn
M_cpd00428_c0	R_DKFPs1	reactantsIn
M_cpd15853_c0	R_DKFPs1	productsOf
M_cpd00802_c0	R_DKFPs2	reactantsIn
M_cpd00428_c0	R_DKFPs2	reactantsIn
M_cpd15853_c0	R_DKFPs2	productsOf
M_cpd00334_c0	R_rxn01618_LSQBKT_c0_RSQBKT_	reactantsIn
M_cpd00428_c0	R_rxn01618_LSQBKT_c0_RSQBKT_	productsOf
M_cpd00649_c0	R_LAFor	reactantsIn
M_cpd00334_c0	R_LAFor	reactantsIn
M_cpd00792_c0	R_LAFor	productsOf
M_cpd00428_c0	R_LAFor	productsOf
M_cpd00055_c0	R_GLYPs	reactantsIn
M_cpd00095_c0	R_GLYPs	productsOf
M_cpd00428_c0	R_rxn00149_LSQBKT_c0_RSQBKT_	reactantsIn
M_cpd00428_c0	R_rxn00150_LSQBKT_c0_RSQBKT_	reactantsIn
M_cpd15573_c0	R_rxn09249_LSQBKT_c0_RSQBKT_	reactantsIn
M_cpd15565_c0	R_rxn09249_LSQBKT_c0_RSQBKT_	productsOf
M_cpd15565_c0	R_rxn11751_LSQBKT_c0_RSQBKT_	reactantsIn
M_cpd16442_c0	R_rxn11751_LSQBKT_c0_RSQBKT_	productsOf
M_cpd03078_c0	R_rxn11752_LSQBKT_c0_RSQBKT_	reactantsIn
M_cpd16442_c0	R_rxn11752_LSQBKT_c0_RSQBKT_	reactantsIn
M_cpd15563_c0	R_rxn11752_LSQBKT_c0_RSQBKT_	productsOf
M_cpd15563_c0	R_rxn11950_LSQBKT_c0_RSQBKT_	reactantsIn
M_cpd16579_c0	R_rxn11950_LSQBKT_c0_RSQBKT_	productsOf
M_cpd01078_c0	R_rxn11571_LSQBKT_c0_RSQBKT_	reactantsIn
M_cpd03387_c0	R_rxn11571_LSQBKT_c0_RSQBKT_	productsOf
M_cpd03387_c0	R_rxn07210_LSQBKT_c0_RSQBKT_	reactantsIn
M_cpd03396_c0	R_rxn07210_LSQBKT_c0_RSQBKT_	productsOf
M_cpd03396_e0	R_SELt	reactantsIn
M_cpd03396_c0	R_SELt	productsOf
M_cpd00206_c0	R_rxn01217_LSQBKT_c0_RSQBKT_	reactantsIn
M_cpd00299_c0	R_rxn01217_LSQBKT_c0_RSQBKT_	productsOf
M_cpd00207_c0	R_rxn00915_LSQBKT_c0_RSQBKT_	reactantsIn
M_cpd00126_c0	R_rxn00915_LSQBKT_c0_RSQBKT_	productsOf
M_cpd00226_c0	R_rxn00836_LSQBKT_c0_RSQBKT_	reactantsIn
M_cpd00114_c0	R_rxn00836_LSQBKT_c0_RSQBKT_	productsOf
M_cpd00812_c0	R_rxn13772_LSQBKT_c0_RSQBKT_	reactantsIn
M_cpd17039_c0	R_rxn13772_LSQBKT_c0_RSQBKT_	productsOf
M_cpd17039_c0	R_IPk	reactantsIn
M_cpd00289_c0	R_rxn11998_LSQBKT_c0_RSQBKT_	reactantsIn
M_cpd00080_c0	R_rxn11998_LSQBKT_c0_RSQBKT_	reactantsIn
M_cpd02797_c0	R_rxn11998_LSQBKT_c0_RSQBKT_	productsOf
M_cpd00289_c0	R_rxn03114_LSQBKT_c0_RSQBKT_	reactantsIn
M_cpd02797_c0	R_rxn03114_LSQBKT_c0_RSQBKT_	reactantsIn
M_cpd02824_c0	R_rxn03114_LSQBKT_c0_RSQBKT_	productsOf
M_cpd02824_c0	R_rxn14345_LSQBKT_c0_RSQBKT_	reactantsIn
M_cpd18042_c0	R_rxn14345_LSQBKT_c0_RSQBKT_	productsOf
M_cpd18042_c0	R_ARCSs	reactantsIn
M_ARCHLS_c0	R_ARCSs	productsOf
M_cpd18042_c0	R_CDPDGGR	reactantsIn
M_SATARCHL_c0	R_CDPDGGR	productsOf
M_ARCHLS_c0	R_ASDGGR	reactantsIn
M_SATARCHLS_c0	R_ASDGGR	productsOf
M_cpd11640_e0	R_rxn10542_LSQBKT_c0_RSQBKT_	reactantsIn
M_cpd01024_e0	R_rxn10471_LSQBKT_c0_RSQBKT_	reactantsIn
M_cpd01024_c0	R_rxn10471_LSQBKT_c0_RSQBKT_	productsOf
